n	repo	storage	first_utc	recipe	files	runners	machines(client ips)	jobs(run/attempt/job)	kind	first_warning_gap_ms
1	meta-qcom	/efs	2026-08-13T09:24:31.165Z	qcom-sensors-binaries-2.0.2-r0	qcom-sensors-prebuilts_2.0.2_armv8a.tar.gz	i-0daf3018f0288ed9c	ip-10-185-120-93	31685636432/1/94401539400	single runner	-1
2	meta-qcom	/efsx	2026-09-03T02:30:21.776Z	camxlib-hamoa-1.0.41-r0	https://qartifactory-edge.qualcomm.com/artifactory/qsc_releases/software/chip/component/camx.qclinux.0.0/260826/prebuilt_yocto_master/camxtest-hamoa_1.0.38_armv8-2a.tar.gz;https://qartifactory-edge.qualcomm.com/artifactory/qsc_releases/software/chip/component/camx.qclinux.0.0/260826/prebuilt_yocto_master/camxtest-hamoa_1.0.38_armv8-2a.tar.gz;name=camxtest	i-0a74aea0c046039ec	ip-10-185-123-101	33707119200/1/100499311775	single runner	-1
3	meta-qcom	/efsx	2026-09-03T02:31:02.643Z	camxlib-hamoa-1.0.41-r0	https://qartifactory-edge.qualcomm.com/artifactory/qsc_releases/software/chip/component/camx.qclinux.0.0/260826/prebuilt_yocto_master/camxtest-hamoa_1.0.38_armv8-2a.tar.gz;name=camxtest	i-0a74aea0c046039ec	ip-10-185-123-101	33707119200/1/100499311775	single runner	-1
4	meta-qcom	/efsx	2026-09-03T08:28:44.437Z	camxlib-hamoa-1.0.41-r0	https://qartifactory-edge.qualcomm.com/artifactory/qsc_releases/software/chip/component/camx.qclinux.0.0/260826/prebuilt_yocto_master/camxtest-hamoa_1.0.38_armv8-2a.tar.gz;https://qartifactory-edge.qualcomm.com/artifactory/qsc_releases/software/chip/component/camx.qclinux.0.0/260826/prebuilt_yocto_master/camxtest-hamoa_1.0.38_armv8-2a.tar.gz;name=camxtest	i-08df20a69ec88ea88	ip-10-185-113-53	33707119200/2/100576804232	single runner	-1
5	meta-qcom	/efsx	2026-09-03T08:29:34.895Z	camxlib-hamoa-1.0.41-r0	https://qartifactory-edge.qualcomm.com/artifactory/qsc_releases/software/chip/component/camx.qclinux.0.0/260826/prebuilt_yocto_master/camxtest-hamoa_1.0.38_armv8-2a.tar.gz;name=camxtest	i-08df20a69ec88ea88	ip-10-185-113-53	33707119200/2/100576804232	single runner	-1
6	meta-qcom	/efsx	2026-09-03T10:00:32.683Z	camxlib-hamoa-1.0.41-r0	https://qartifactory-edge.qualcomm.com/artifactory/qsc_releases/software/chip/component/camx.qclinux.0.0/260826/prebuilt_yocto_master/camxtest-hamoa_1.0.38_armv8-2a.tar.gz;https://qartifactory-edge.qualcomm.com/artifactory/qsc_releases/software/chip/component/camx.qclinux.0.0/260826/prebuilt_yocto_master/camxtest-hamoa_1.0.38_armv8-2a.tar.gz;name=camxtest	i-047e1364b7cc7737f	ip-10-185-114-208	33707119200/3/100603705999	single runner	-1
7	meta-qcom	/efsx	2026-09-08T14:44:49.665Z	firmware-qcom-cdt-qcs615-1.0-r0	https://artifacts.codelinaro.org/artifactory/codelinaro-le/Qualcomm_Linux/QCS615/cdt/IQ-615-LYRA-EVK_V2.zip;https://artifacts.codelinaro.org/artifactory/codelinaro-le/Qualcomm_Linux/QCS615/cdt/IQ-615-LYRA-EVK_V2.zip;downloadfilename=cdt-iq-615-lyra-evk_1.0.zip;name=iq-615-lyra-evk	i-089552d8cfd4e077a	ip-10-185-116-224	34200981925/2/102106311988	single runner	-1
8	robotics-sdk	/efsx	2026-09-11T15:20:09.899Z	python3-jinja2-native-3.1.6-r0	https://files.pythonhosted.org/packages/source/j/jinja2/jinja2-3.1.6.tar.gz;jinja2-3.1.6.tar.gz;jinja2-3.1.6.tar.gz\	i-00df8fa976000516c;i-03744bef0c0946172	ip-10-185-112-182;ip-10-185-117-172	34538407155/2/103311047189;34538407155/2/103311047287	collision (2 runners)	22
9	robotics-sdk	/efsx	2026-09-11T15:22:08.912Z	rust-source-1.98.0-1.98.0-r0	https://static.rust-lang.org/dist/rustc-1.97.1-x86_64-unknown-linux-gnu.tar.xz;rustc-1.97.1-x86_64-unknown-linux-gnu.tar.xz;rustc-1.97.1-x86_64-unknown-linux-gnu.tar.xz\	i-0e4401fb558ef81f7	ip-10-185-113-44	34538407155/2/103311047269	single runner	-1
10	robotics-sdk	/efsx	2026-09-12T06:03:17.601Z	cargo-c-native-0.10.25+cargo-0.99.0-r0	portable-atomic-util-0.2.7.crate;portable-atomic-util-0.2.7.crate\;portable-atomic-util/0.2.7	i-04f94f58c3d2efc62;i-082b5f65413b9bb8e	ip-10-185-117-77;ip-10-185-126-77	34538407155/4/103507436801;34538407155/4/103507436820	collision (2 runners)	28
11	robotics-sdk	/efsx	2026-09-13T18:47:26.819Z	python3-setuptools-rust-native-1.13.0-r0	https://files.pythonhosted.org/packages/source/s/setuptools_rust/setuptools_rust-1.13.0.tar.gz;setuptools_rust-1.13.0.tar.gz;setuptools_rust-1.13.0.tar.gz\	i-052827f0cd22f1940;i-06a80327d5ee05ba5	ip-10-185-119-170;ip-10-185-125-90	34538407155/5/103764395295;34538407155/5/103764395303	collision (2 runners)	307
12	robotics-sdk	/efsx	2026-09-13T18:57:57.953Z	librsvg-2.62.3-r0	glam-0.27.0.crate;glam-0.27.0.crate\;glam/0.27.0	i-01526cd2f50406ef6;i-0bc58763e4d81e819	ip-10-185-119-89;ip-10-185-127-177	34538407155/5/103764395288;34538407155/5/103764395300	collision (2 runners)	50
13	robotics-sdk	/efsx	2026-09-15T02:16:16.419Z	python3-maturin-native-1.15.0-r0	untrusted-0.9.0.crate;untrusted-0.9.0.crate\;untrusted/0.9.0	i-047416ccba37a7730;i-0f31887f68d949cb6	ip-10-185-122-200;ip-10-185-126-59	34916088202/2/104224760832;34916088202/2/104224761035	collision (2 runners)	11
14	meta-qcom	/efsx	2026-09-22T04:03:38.326Z	docker-compose-5.5.1-r0	golang.org/x/sys;https://proxy.golang.org/golang.org/x/sys/%40v/v0.48.0.zip	i-02775c88d85855e5a;i-0e6ac4ded352150e1;i-0e77085b4c12eb4a0	ip-10-185-123-84;ip-10-185-124-239;ip-10-185-126-108	35684511207/1/106608533600;35684511207/1/106608533614;35684511207/1/106608533731	collision (3 runners)	3073
15	meta-qcom	/efsx	2026-09-22T04:04:37.355Z	docker-compose-5.5.1-r0	https://proxy.golang.org/golang.org/x/sys/%40v/v0.48.0.zip	i-02775c88d85855e5a;i-0e6ac4ded352150e1	ip-10-185-124-239;ip-10-185-126-108	35684511207/1/106608533600;35684511207/1/106608533731	re-failure on corrupt .tmp (2 runners)	11481
16	meta-qcom	/efsx	2026-09-22T04:56:34.009Z	docker-compose-5.5.1-r0	golang.org/x/sys;https://proxy.golang.org/golang.org/x/sys/%40v/v0.48.0.zip	i-0dc013a4445c7d1f1	ip-10-185-124-203	35684511207/2/106618955965	single runner	-1
17	meta-qcom	/efsx	2026-09-22T04:59:10.839Z	docker-compose-5.5.1-r0	https://proxy.golang.org/golang.org/x/sys/%40v/v0.48.0.zip	i-0dc013a4445c7d1f1	ip-10-185-124-203	35684511207/2/106618955965	single runner	-1
18	meta-qcom	/efsx	2026-09-22T12:50:25.172Z	docker-compose-5.5.1-r0	golang.org/x/sys;https://proxy.golang.org/golang.org/x/sys/%40v/v0.48.0.zip	i-0fdd3290ec9bd3971	ip-10-185-127-177	35684511207/3/106747217184	single runner	-1
19	meta-qcom	/efsx	2026-09-22T12:52:15.287Z	docker-compose-5.5.1-r0	https://proxy.golang.org/golang.org/x/sys/%40v/v0.48.0.zip	i-0fdd3290ec9bd3971	ip-10-185-127-177	35684511207/3/106747217184	single runner	-1
20	robotics-sdk	/efsx	2026-09-24T00:47:03.653Z	aardvark-dns-1.17.1-r0	endian-type-0.1.2.crate;endian-type-0.1.2.crate\;endian-type/0.1.2	i-0a37dd688f5250e8a;i-0b2eb3ecd5d7ab8f4	ip-10-185-117-57;ip-10-185-121-136	35938315722/1/107441032468;35938315722/1/107441032519	collision (2 runners)	27
21	robotics-sdk	/efsx	2026-09-24T00:51:03.850Z	docker-compose-5.1.4-r0	github.com.anchore.go-struct-converter@v0.1.0.zip;github.com.anchore.go-struct-converter@v0.1.0.zip\;github.com/anchore/go-struct-converter	i-03e3de1e4d66eff15;i-04ce780dae001b5fc	ip-10-185-116-32;ip-10-185-119-122	35938315722/1/107441032512;35938315722/1/107441032610	collision (2 runners)	9
22	robotics-sdk	/efsx	2026-09-24T00:51:47.006Z	docker-compose-5.1.4-r0	github.com.aws.aws-sdk-go-v2.feature.s3.manager@v1.17.10.zip;github.com.aws.aws-sdk-go-v2.feature.s3.manager@v1.17.10.zip\;github.com/aws/aws-sdk-go-v2/feature/s3/manager	i-0385f5ec2e2685426;i-0c8c3aae032732d06	ip-10-185-118-182;ip-10-185-125-161	35938315722/1/107441032459;35938315722/1/107441032550	collision (2 runners)	129
23	robotics-sdk	/efsx	2026-09-24T00:52:01.359Z	nerdctl-v2.3.1-r0	github.com.cenkalti.backoff.v5@v5.0.3.zip;github.com.cenkalti.backoff.v5@v5.0.3.zip\;github.com/cenkalti/backoff/v5	i-0385f5ec2e2685426;i-0c8c3aae032732d06	ip-10-185-118-182;ip-10-185-125-161	35938315722/1/107441032459;35938315722/1/107441032550	collision (2 runners)	10
24	robotics-sdk	/efsx	2026-09-24T00:52:46.551Z	nerdctl-v2.3.1-r0	github.com.cloudflare.circl@v1.6.3.zip;github.com.cloudflare.circl@v1.6.3.zip\;github.com/cloudflare/circl	i-03e3de1e4d66eff15;i-0c8c39b82a3ef4f94	ip-10-185-119-122;ip-10-185-122-56	35938315722/1/107441032499;35938315722/1/107441032512	collision (2 runners)	791
25	robotics-sdk	/efsx	2026-09-24T00:54:53.280Z	nerdctl-v2.3.1-r0	github.com.google.gofuzz@v1.2.0.zip;github.com.google.gofuzz@v1.2.0.zip\;github.com/google/gofuzz	i-0144f0c56e23fbe52;i-04ce780dae001b5fc	ip-10-185-116-32;ip-10-185-122-230	35938315722/1/107441032541;35938315722/1/107441032610	collision (2 runners)	52
26	robotics-sdk	/efsx	2026-09-24T01:30:55.715Z			i-0f924cff9d4253bb3	ip-10-185-117-107	35938315722/2/107449993868	single runner, corrupt zip	-1
27	robotics-sdk	/efsx	2026-09-24T14:36:37.074Z			i-05b845a7e037b1130	ip-10-185-112-118	35938315722/3/107673387591	single runner, corrupt zip	-1
28	robotics-sdk	/efsx	2026-09-24T16:04:51.465Z			i-04f961fad778a6a91	ip-10-185-116-247	35938315722/4/107711490085	single runner, corrupt zip	-1
29	robotics-sdk	/efsx	2026-09-24T16:05:33.447Z			i-02ef9e4c9c898caa1;i-06bca5db4cabf49ab	ip-10-185-115-27;ip-10-185-116-229	35938315722/4/107711490178;35938315722/4/107711490210	re-failure on corrupt .tmp (2 runners), corrupt zip	2927
30	robotics-sdk	/efsx	2026-09-24T16:06:14.685Z			i-0102611ea522fe76b	ip-10-185-118-166	35938315722/4/107711490248	single runner, corrupt zip	-1
31	robotics-sdk	/efsx	2026-09-24T16:06:53.885Z			i-00397304abce07766;i-05850c4bbf23ead12	ip-10-185-112-248;ip-10-185-124-122	35938315722/4/107711490264;35938315722/4/107711490298	re-failure on corrupt .tmp (2 runners), corrupt zip	4516
32	robotics-sdk	/efsx	2026-09-24T16:07:35.267Z			i-004487c9b8d375898	ip-10-185-121-105	35938315722/4/107711490142	single runner, corrupt zip	-1
33	robotics-sdk	/efsx	2026-09-24T16:08:55.480Z			i-0daab603619ae6e56	ip-10-185-121-28	35938315722/4/107711490380	single runner, corrupt zip	-1
34	meta-qcom	/efsx	2026-09-24T16:09:42.485Z	camxlib-hamoa-1.0.48-r0	https://qartifactory-edge.qualcomm.com/artifactory/qsc_releases/software/chip/component/camx.qclinux.0.0/260923.1/prebuilt_yocto_master/camx-hamoa_1.0.48_armv8-2a.tar.gz;https://qartifactory-edge.qualcomm.com/artifactory/qsc_releases/software/chip/component/camx.qclinux.0.0/260923.1/prebuilt_yocto_master/camx-hamoa_1.0.48_armv8-2a.tar.gz;name=camx	i-0081c17674acabf01	ip-10-185-115-125	36023613337/1/107715743255	single runner	-1
35	meta-qcom	/efsx	2026-09-24T16:11:22.561Z	camxlib-hamoa-1.0.48-r0	https://qartifactory-edge.qualcomm.com/artifactory/qsc_releases/software/chip/component/camx.qclinux.0.0/260923.1/prebuilt_yocto_master/camx-hamoa_1.0.48_armv8-2a.tar.gz;name=camx	i-0081c17674acabf01	ip-10-185-115-125	36023613337/1/107715743255	single runner	-1
36	robotics-sdk	/efsx	2026-09-24T16:14:51.834Z			i-0e41923eed0468538	ip-10-185-119-40	35938315722/4/107711490180	single runner, corrupt zip	-1
37	robotics-sdk	/efsx	2026-09-24T16:15:32.165Z			i-0d0dbb63691fab289	ip-10-185-113-155	35938315722/4/107711490257	single runner, corrupt zip	-1
38	robotics-sdk	/efsx	2026-09-24T16:16:13.251Z			i-03e0e8ded5c508ea6	ip-10-185-113-41	35938315722/4/107711490235	single runner, corrupt zip	-1
39	robotics-sdk	/efsx	2026-09-24T16:16:53.513Z			i-0577101d99e2fe9db	ip-10-185-116-27	35938315722/4/107711490282	single runner, corrupt zip	-1
40	robotics-sdk	/efsx	2026-09-24T21:30:31.765Z		endian-type-0.1.2.crate;github.com.anchore.go-struct-converter@v0.1.0.zip;github.com.aws.aws-sdk-go-v2.feature.s3.manager@v1.17.10.zip	i-0388aeb5c2b31cc92	ip-10-185-113-126	36061146634/1/107841817804	single runner	-1
41	meta-qcom	/efsx	2026-09-25T01:45:37.790Z	camxlib-hamoa-1.0.48-r0	https://qartifactory-edge.qualcomm.com/artifactory/qsc_releases/software/chip/component/camx.qclinux.0.0/260923.1/prebuilt_yocto_master/camx-hamoa_1.0.48_armv8-2a.tar.gz;https://qartifactory-edge.qualcomm.com/artifactory/qsc_releases/software/chip/component/camx.qclinux.0.0/260923.1/prebuilt_yocto_master/camx-hamoa_1.0.48_armv8-2a.tar.gz;name=camx	i-047543fd29803280d	ip-10-185-120-42	36023613337/2/107906980819	single runner	-1
42	meta-qcom	/efsx	2026-09-25T01:46:15.952Z	camxlib-hamoa-1.0.48-r0	https://qartifactory-edge.qualcomm.com/artifactory/qsc_releases/software/chip/component/camx.qclinux.0.0/260923.1/prebuilt_yocto_master/camx-hamoa_1.0.48_armv8-2a.tar.gz;name=camx	i-047543fd29803280d	ip-10-185-120-42	36023613337/2/107906980819	single runner	-1
43	meta-qcom	/efsx	2026-09-25T04:50:11.018Z	camxlib-hamoa-1.0.48-r0	https://qartifactory-edge.qualcomm.com/artifactory/qsc_releases/software/chip/component/camx.qclinux.0.0/260923.1/prebuilt_yocto_master/camx-hamoa_1.0.48_armv8-2a.tar.gz;https://qartifactory-edge.qualcomm.com/artifactory/qsc_releases/software/chip/component/camx.qclinux.0.0/260923.1/prebuilt_yocto_master/camx-hamoa_1.0.48_armv8-2a.tar.gz;name=camx	i-00e90b4e529976ea6	ip-10-185-127-42	36095243766/1/107946540936	single runner	-1
44	meta-qcom	/efsx	2026-09-25T04:50:44.770Z	camxlib-hamoa-1.0.48-r0	https://qartifactory-edge.qualcomm.com/artifactory/qsc_releases/software/chip/component/camx.qclinux.0.0/260923.1/prebuilt_yocto_master/camx-hamoa_1.0.48_armv8-2a.tar.gz;name=camx	i-00e90b4e529976ea6	ip-10-185-127-42	36095243766/1/107946540936	single runner	-1
45	meta-qcom	/efsx	2026-09-25T10:40:04.982Z	qcom-adreno-1.887.1-r0	qcom-adreno_1.887.1_armv8a.tar.gz	i-0824a54943480893f	ip-10-185-114-45	36124535934/1/108038174784	single runner	-1
46	meta-qcom	/efsx	2026-09-26T05:15:07.096Z	qcom-adreno-1.887.2-r0	https://qartifactory-edge.qualcomm.com/artifactory/qsc_releases/software/chip/component/gfx-adreno.le.0.0/260925/prebuilt_yocto/qcom-adreno_1.887.2_armv8a.tar.gz;https://qartifactory-edge.qualcomm.com/artifactory/qsc_releases/software/chip/component/gfx-adreno.le.0.0/260925/prebuilt_yocto/qcom-adreno_1.887.2_armv8a.tar.gz;subdir=qcom-adreno-1.887.2	i-0d22a165faf77c99b	ip-10-185-115-159	36219727612/1/108342940719	single runner	-1
47	meta-qcom	/efsx	2026-09-27T17:49:53.601Z	qcom-adreno-1.887.2-r0	https://qartifactory-edge.qualcomm.com/artifactory/qsc_releases/software/chip/component/gfx-adreno.le.0.0/260925/prebuilt_yocto/qcom-adreno_1.887.2_armv8a.tar.gz;https://qartifactory-edge.qualcomm.com/artifactory/qsc_releases/software/chip/component/gfx-adreno.le.0.0/260925/prebuilt_yocto/qcom-adreno_1.887.2_armv8a.tar.gz;subdir=qcom-adreno-1.887.2	i-0c6dd5b2185fa50ce	ip-10-185-126-4	36219727612/2/108672636778	single runner	-1
48	meta-qcom	/efsx	2026-09-27T18:14:01.517Z	qcom-adreno-1.887.2-r0	https://qartifactory-edge.qualcomm.com/artifactory/qsc_releases/software/chip/component/gfx-adreno.le.0.0/260925/prebuilt_yocto/qcom-adreno_1.887.2_armv8a.tar.gz;https://qartifactory-edge.qualcomm.com/artifactory/qsc_releases/software/chip/component/gfx-adreno.le.0.0/260925/prebuilt_yocto/qcom-adreno_1.887.2_armv8a.tar.gz;subdir=qcom-adreno-1.887.2	i-083fa33d3e3f9e633	ip-10-185-126-59	36219727612/3/108677024639	single runner	-1
49	meta-qcom	/efsx	2026-09-27T18:32:59.880Z	docker-compose-5.5.1-r0	golang.org/x/sys;https://proxy.golang.org/golang.org/x/sys/%40v/v0.48.0.zip	i-0ec1a1dbf742bfd22	ip-10-185-117-27	36340100617/1/108678513910	single runner	-1
50	meta-qcom	/efsx	2026-09-27T18:35:20.616Z	docker-compose-5.5.1-r0	golang.org/x/sys;https://proxy.golang.org/golang.org/x/sys/%40v/v0.48.0.zip	i-0838bf436f1da12a2;i-0854d15b61965a371	ip-10-185-118-156;ip-10-185-125-130	36340100617/1/108678513943;36340100617/1/108678514009	re-failure on corrupt .tmp (2 runners)	22021
51	meta-qcom	/efsx	2026-09-27T18:39:27.254Z	docker-compose-5.5.1-r0	https://proxy.golang.org/golang.org/x/sys/%40v/v0.48.0.zip	i-0838bf436f1da12a2	ip-10-185-125-130	36340100617/1/108678514009	single runner	-1
52	meta-qcom	/efsx	2026-09-27T19:00:23.686Z	docker-compose-5.5.1-r0	golang.org/x/sys;https://proxy.golang.org/golang.org/x/sys/%40v/v0.48.0.zip	i-0411dcc738441fa22	ip-10-185-117-29	36340100617/2/108683304741	single runner	-1
53	meta-qcom	/efsx	2026-09-27T19:51:13.112Z	docker-compose-5.5.1-r0	https://proxy.golang.org/golang.org/x/sys/%40v/v0.48.0.zip	i-0411dcc738441fa22	ip-10-185-117-29	36340100617/2/108683304741	single runner	-1
54	meta-qcom	/efsx	2026-09-27T21:27:24.960Z	docker-compose-5.5.1-r0	golang.org/x/sys;https://proxy.golang.org/golang.org/x/sys/%40v/v0.48.0.zip	i-09b43746810a604c1	ip-10-185-116-189	36340100617/3/108709541873	single runner	-1
55	meta-qcom	/efsx	2026-09-27T21:41:35.176Z	docker-compose-5.5.1-r0	https://proxy.golang.org/golang.org/x/sys/%40v/v0.48.0.zip	i-09b43746810a604c1	ip-10-185-116-189	36340100617/3/108709541873	single runner	-1
56	meta-qcom	/efsx	2026-09-28T14:25:06.781Z	docker-compose-5.5.1-r0	golang.org/x/sys;https://proxy.golang.org/golang.org/x/sys/%40v/v0.48.0.zip	i-08c0eb653c9a559aa	ip-10-185-123-61	36340100617/4/108967827464	single runner	-1
57	meta-qcom	/efsx	2026-09-28T14:39:54.636Z	docker-compose-5.5.1-r0	https://proxy.golang.org/golang.org/x/sys/%40v/v0.48.0.zip	i-08c0eb653c9a559aa	ip-10-185-123-61	36340100617/4/108967827464	single runner	-1
58	meta-qcom	/efsx	2026-09-28T17:51:04.711Z	docker-compose-5.5.1-r0	golang.org/x/sys;https://proxy.golang.org/golang.org/x/sys/%40v/v0.48.0.zip	i-09e9807966e4449f3	ip-10-185-119-83	36456733827/1/109053744728	single runner	-1
59	meta-qcom	/efsx	2026-09-28T18:05:31.866Z	docker-compose-5.5.1-r0	https://proxy.golang.org/golang.org/x/sys/%40v/v0.48.0.zip	i-09e9807966e4449f3	ip-10-185-119-83	36456733827/1/109053744728	single runner	-1
