meta-qcom	3275	master	ci-cron-quic-yocto-ci
meta-qcom	3274	master	fix-hdb-qcs8300
meta-qcom	3273	master	bump-base-lock-20260929
meta-qcom	3272	wrynose	backport/3235-to-wrynose
meta-qcom	3271	master	qcs615-adsp-revert
meta-qcom	3270	wrynose	backport/2740-3238-to-wrynose
meta-qcom	3269	master	ci-download-artifact-rate-limit
meta-qcom	3268	master	talos-fw-revert
meta-qcom	3267	master	fastrpc-1.0.8
meta-qcom	3266	master	meta-qcom-fastcv_1.8.10_release
meta-qcom	3264	wrynose	backport/2232-to-wrynose
meta-qcom	3263	wrynose	backport/3170-3222-3221-to-wrynose
meta-qcom	3262	master	ci-prefetch-sources
meta-qcom	3261	wrynose	backport/3233-to-wrynose
meta-qcom	3259	master	qcom-next-update
meta-qcom	3258	master	open_fw_flash_plumbing
meta-qcom	3257	wrynose	backport/3203-to-wrynose
meta-qcom	3256	master	add-blacksail
meta-qcom	3255	wrynose	backport-wrynose-update-ref
meta-qcom	3254	wrynose	wrynose
meta-qcom	3253	wrynose	backport-3252-clean
meta-qcom	3252	wrynose	wrynose
meta-qcom	3251	wrynose	backport/2865-3242-to-wrynose
meta-qcom	3250	master	bump-base-lock-20260926
meta-qcom	3248	wrynose	backport/3246-to-wrynose
meta-qcom	3247	wrynose	backport/3239-to-wrynose
meta-qcom	3246	master	qcom-6.18.y-update
meta-qcom	3245	wrynose	backport/3220-to-wrynose
meta-qcom	3244	wrynose	backport/2905-to-wrynose
meta-qcom	3243	master	shikra-sdcard-wic
meta-qcom	3242	master	qcom-ptool-update
meta-qcom	3241	master	fix-download-cache
meta-qcom	3240	master	edp_overlay_hamoa_purwa_meta-qcom
meta-qcom	3239	master	shikra-bootbinaries-00086
meta-qcom	3238	master	topic/emmc_rpmb_selinux_rules
meta-qcom	3235	master	update-urm-to-0.4.10
meta-qcom	3233	master	shikra-wlan-fw-link
meta-qcom	3232	wrynose	backport/3208-to-wrynose
meta-qcom	3231	wrynose	meta-audioreach-bump
meta-qcom	3230	master	7.3-rc4_fix
meta-qcom	3229	wrynose	backport/3224-to-wrynose
meta-qcom	3228	master	main
meta-qcom	3227	master	fastcv-hexagon-vnn
meta-qcom	3226	wrynose	backport/3212-to-wrynose
meta-qcom	3225	master	systemd-qcom-raw-partitions-unready
meta-qcom	3224	master	agents-md-audit-fixes
meta-qcom	3223	wrynose	backport/3218-to-wrynose
meta-qcom	3222	master	ci-zizmor-warnings
meta-qcom	3221	master	ci-fsx-cache-optimizations
meta-qcom	3220	master	qcom-sm8750-armv8-6a-crypto
meta-qcom	3219	master	ci-shikra-evk-catchall-uboot
meta-qcom	3218	master	feature/boot_28
meta-qcom	3217	master	refpolicy-policy-booleans
meta-qcom	3214	wrynose	backport/3103-to-wrynose
meta-qcom	3213	master	hashserv
meta-qcom	3212	master	qcom-6.18.y-update
meta-qcom	3211	wrynose	bump-base-lock-20260922
meta-qcom	3210	wrynose	backport/3169-to-wrynose
meta-qcom	3209	wrynose	backport/3184-to-wrynose
meta-qcom	3208	master	issue-3200-eth-modules
meta-qcom	3207	wrynose	backport/3201-to-wrynose
meta-qcom	3206	wrynose	backport/3204-to-wrynose
meta-qcom	3205	master	firmware-bump-kas-patch
meta-qcom	3204	master	initramfs-kerneltest-image
meta-qcom	3203	master	qcom-next-update
meta-qcom	3202	master	afaisal/tpm-refpolicy-fix
meta-qcom	3201	master	minkipc-rel-1-2-10
meta-qcom	3199	wrynose	wrynose-lock-qcom-distro
meta-qcom	3198	wrynose	backport/3083-to-wrynose
meta-qcom	3197	wrynose	backport/3186-to-wrynose
meta-qcom	3196	wrynose	backport/3143-to-wrynose
meta-qcom	3195	wrynose	backport/3065-to-wrynose
meta-qcom	3194	master	workflows/reschedule-wrynose-builds
meta-qcom	3193	wrynose	linux-firmware
meta-qcom	3192	master	rusticl/fixes
meta-qcom	3191	master	update-meta-audioreach-master
meta-qcom	3190	wrynose	backport/2821-to-wrynose
meta-qcom	3189	wrynose	backport/2879-to-wrynose
meta-qcom	3188	master	weekly-build-wrynose-dispatcher
meta-qcom	3187	wrynose	backport/ci-batch-to-wrynose
meta-qcom	3186	master	kodiak-fit-el2-followup
meta-qcom	3185	wrynose	backport/3151-to-wrynose
meta-qcom	3184	master	revert-shikra-uefi
meta-qcom	3183	wrynose	backport/3174-to-wrynose
meta-qcom	3182	master	ci/enable-initramfs-efivarfs-opt-out
meta-qcom	3181	master	freedreno_turnip_cts_fixes
meta-qcom	3180	wrynose	update-meta-audioreach-wrynose
meta-qcom	3179	wrynose	backport/3045-to-wrynose
meta-qcom	3178	wrynose	backport/3079-to-wrynose
meta-qcom	3177	wrynose	backport/3158-to-wrynose
meta-qcom	3176	wrynose	backport/3152-to-wrynose
meta-qcom	3175	wrynose	backport/3128-to-wrynose
meta-qcom	3174	master	ccache-next
meta-qcom	3173	wrynose	backport/2957-to-wrynose
meta-qcom	3172	wrynose	backport/3159-to-wrynose
meta-qcom	3171	master	camx-dlkm
meta-qcom	3170	master	zizmor
meta-qcom	3169	master	camx_fw
meta-qcom	3168	master	feat/secure-boot-signing-v2
meta-qcom	3165	master	bootbins_kvm
meta-qcom	3164	wrynose	backport/3150-to-wrynose
meta-qcom	3163	master	master
meta-qcom	3162	master	ccache
meta-qcom	3161	master	7.3-rc2_fixes
meta-qcom	3160	master	optimize-build-in-ipv6
meta-qcom	3159	master	master
meta-qcom	3158	master	shikra-bootbinaries-00079
meta-qcom	3157	wrynose	backport/3129-to-wrynose
meta-qcom	3156	wrynose	backport/3132-to-wrynose
meta-qcom	3155	wrynose	backport/3126-to-wrynose
meta-qcom	3154	master	qcom-common-binary
meta-qcom	3153	wrynose	wrynose-testkit-2026.08.14
meta-qcom	3152	master	ptool-bump
meta-qcom	3151	master	shikra-wlan-fw
meta-qcom	3150	master	bump-uboot-qcom-next-5ec66cb
meta-qcom	3149	wrynose	backport/3141-to-wrynose
meta-qcom	3148	wrynose	backport/3139-to-wrynose
meta-qcom	3147	wrynose	backport/3130-to-wrynose
meta-qcom	3146	wrynose	backport/3139-to-wrynose
meta-qcom	3145	wrynose	backport/3139-to-wrynose
meta-qcom	3144	wrynose	ccache
meta-qcom	3143	master	upgrade_imsdk_2_0_1
meta-qcom	3142	wrynose	backport/3113-to-wrynose
meta-qcom	3141	master	v1.0.28
meta-qcom	3140	wrynose	backport/3075-to-wrynose
meta-qcom	3139	master	master
meta-qcom	3138	wrynose	backport/3026-to-wrynose
meta-qcom	3137	master	test-job-summary-fixes
meta-qcom	3136	wrynose	backport/3050-to-wrynose
meta-qcom	3135	master	camera_downstream
meta-qcom	3133	master	camx_downstream
meta-qcom	3132	master	master
meta-qcom	3131	master	teja/lowmem
meta-qcom	3130	master	bootbins-00142
meta-qcom	3129	master	kas-container-shell-helper
meta-qcom	3128	master	upgrade_qairt_2_50
meta-qcom	3127	wrynose	fix/kgsl-dlkm-governor-header
meta-qcom	3126	master	update_camera_service
meta-qcom	3125	master	lvds_master
meta-qcom	3124	wrynose	backport/3109-to-wrynose
meta-qcom	3122	master	revert-rb1-firtmware
meta-qcom	3121	wrynose	backport/3069-to-wrynose
meta-qcom	3120	wrynose	backport/3090-to-wrynose
meta-qcom	3119	wrynose	a702_wrynose_fix
meta-qcom	3118	wrynose	backport/3110-to-wrynose
meta-qcom	3117	wrynose	backport/3102-to-wrynose
meta-qcom	3116	wrynose	backport/2880-to-wrynose
meta-qcom	3115	master	overlay_qcom
meta-qcom	3114	master	CameraFitChanges
meta-qcom	3113	master	camx-dlkm
meta-qcom	3112	wrynose	backport/3064-to-wrynose
meta-qcom	3111	wrynose	backport/3071-to-wrynose
meta-qcom	3110	master	perf-qcomflash-spdx
meta-qcom	3109	master	ci-bitbake-startup
meta-qcom	3108	master	metadata-improvements
meta-qcom	3107	master	ci-debug-weekly
meta-qcom	3106	master	bump-base-lock-20260908
meta-qcom	3105	wrynose	backport/2961-to-wrynose
meta-qcom	3104	master	anupkulk/rtss_can
meta-qcom	3103	master	talos-lyra-evk
meta-qcom	3102	master	hamoaNpurva
meta-qcom	3101	master	fastcv-binaries-pbt
meta-qcom	3100	master	meta-qcom
meta-qcom	3099	master	fastcv-188-build-date
meta-qcom	3098	wrynose	backport/2907-to-wrynose
meta-qcom	3097	master	nord-on-master
meta-qcom	3096	wrynose	backport/3080-to-wrynose
meta-qcom	3095	wrynose	backport/3061-to-wrynose
meta-qcom	3094	master	fix-armv7
meta-qcom	3093	master	master
meta-qcom	3092	master	enable-root-only-udev-trigger
meta-qcom	3091	master	CDT_LYRA_EVK
meta-qcom	3090	master	qmi-framework-0.1.4
meta-qcom	3089	wrynose	backport/3081-to-wrynose
meta-qcom	3088	master	build-id
meta-qcom	3087	master	shikra-conf-update
meta-qcom	3086	master	meta-qcom-add-eva-recipe
meta-qcom	3084	master	rtss-mailbox-recipe-pin
meta-qcom	3083	master	android-gadget-udc-pinning
meta-qcom	3082	master	qcom-ptool-bump-b63a84c1
meta-qcom	3081	master	agents-md-trailers-backports
meta-qcom	3080	master	kgsl
meta-qcom	3079	master	qcom-capsule-fix-hamoa-leak
meta-qcom	3078	wrynose	backport/2792-to-wrynose
meta-qcom	3077	wrynose	backport/2057-to-wrynose
meta-qcom	3076	wrynose	backport/3073-to-wrynose
meta-qcom	3075	master	20260903_Bootcritical_72
meta-qcom	3074	wrynose	backport/3022-to-wrynose
meta-qcom	3073	master	ignore-qa
meta-qcom	3072	master	camxlib-hamoa
meta-qcom	3071	master	bump-uboot-qcom-next-94cbcc2
meta-qcom	3070	wrynose	backport/2244-to-wrynose
meta-qcom	3069	master	bootbins-00139
meta-qcom	3068	master	image-adbd-gadget-modules
meta-qcom	3067	wrynose	backport-fsx
meta-qcom	3066	wrynose	backport/3038-to-wrynose
meta-qcom	3065	master	qcom-6.18.y-update
meta-qcom	3064	master	push/d97e7b7f
meta-qcom	3063	wrynose	draco-evk
meta-qcom	3062	master	draco-evk
meta-qcom	3061	master	bala/smartvenc_1.0.2
meta-qcom	3060	wrynose	backport/2912-to-wrynose
meta-qcom	3059	master	lsm-policy-260902-5
meta-qcom	3058	master	update-lava-ref-2-latest
meta-qcom	3057	master	testkit-ref-update
meta-qcom	3056	master	daizhuang/iq-615-evk-m2connector
meta-qcom	3055	master	ci/optimize-systemd-console-startup
meta-qcom	3054	master	fsx
meta-qcom	3053	wrynose	backport/2990-to-wrynose
meta-qcom	3052	master	gunyah-in-ci
meta-qcom	3051	wrynose	backport-2314-to-wrynose
meta-qcom	3050	master	enable-onnx-gst-plugin
meta-qcom	3049	wrynose	backport/2975-to-wrynose
meta-qcom	3048	wrynose	backport-3018-to-wrynose
meta-qcom	3047	wrynose	backport/3035-to-wrynose
meta-qcom	3046	master	python3-pycairo
meta-qcom	3045	master	capsule-fixes
meta-qcom	3044	master	bump-base-lock-20260829
meta-qcom	3043	master	feat/qdte-lite-capsule-2456
meta-qcom	3042	master	known-failures
meta-qcom	3041	wrynose	kas-next
meta-qcom	3040	wrynose	backport/2904-to-wrynose
meta-qcom	3039	wrynose	qimsdk-1.1.0-wrynose
meta-qcom	3038	master	qimsdk-1.1.0-master
meta-qcom	3037	wrynose	backport/3028-to-wrynose
meta-qcom	3036	master	bump-base-lock-20260828
meta-qcom	3035	master	kgsl
meta-qcom	3034	wrynose	licences
meta-qcom	3033	wrynose	backport/3005-to-wrynose
meta-qcom	3032	wrynose	backport/2992-to-wrynose
meta-qcom	3031	wrynose	backport/3019-to-wrynose
meta-qcom	3030	wrynose	backport/3025-to-wrynose
meta-qcom	3029	master	performance-disable-gpt-auto
meta-qcom	3028	master	qcom-6.18.y-update
meta-qcom	3027	wrynose	backport/3014-to-wrynose
meta-qcom	3026	master	update-urm-to-v0.4.7
meta-qcom	3025	master	monaco-iommu-fix
meta-qcom	3024	wrynose	backport/2916-to-wrynose
meta-qcom	3022	master	gllnxFC
meta-qcom	3021	master	remove-camera-feature-flags
meta-qcom	3020	master	ci-weekly-build-profile
meta-qcom	3019	master	perf-catchall-image
meta-qcom	3018	master	ci-exclude-ota-artifacts
meta-qcom	3016	wrynose	kvm
meta-qcom	3014	master	qcom-next-update
meta-qcom	3013	wrynose	backport/2952-to-wrynose
meta-qcom	3011	wrynose	lock-update
meta-qcom	3010	wrynose	backport/2997-to-wrynose
meta-qcom	3009	wrynose	backport/2980-to-wrynose
meta-qcom	3008	wrynose	backport-2993-to-wrynose
meta-qcom	3007	wrynose	backport/2989-to-wrynose
meta-qcom	3006	wrynose	backport/2970-to-wrynose
meta-qcom	3005	master	fix-optee
meta-qcom	3004	master	bump-base-lock-20260825
meta-qcom	3003	wrynose	backport-2956-2976-zizmor-to-wrynose
meta-qcom	3001	wrynose	backport/2872-to-wrynose
meta-qcom	3000	master	split-build-yocto
meta-qcom	2999	wrynose	backport/2983-to-wrynose
meta-qcom	2998	wrynose	backport/2973-to-wrynose
meta-qcom	2997	master	dtb_metadata
meta-qcom	2996	master	mesa-master
meta-qcom	2995	wrynose	mesa
meta-qcom	2994	wrynose	backport/2991-to-wrynose
meta-qcom	2993	master	ci-rt-kvm-matrix-dedup
meta-qcom	2992	master	dev_newrepo
meta-qcom	2991	master	bump-uboot-qcom-next-be2aa511
meta-qcom	2990	master	pakalNknp
meta-qcom	2989	master	kgsl
meta-qcom	2988	wrynose	backport/seatd-selinux-fix-to-wrynose
meta-qcom	2987	wrynose	backport/2950-to-wrynose
meta-qcom	2986	wrynose	backport/2951-to-wrynose
meta-qcom	2985	master	fix-test-results
meta-qcom	2984	master	add/iq10-rrd
meta-qcom	2983	master	qcomflash-machine-default
meta-qcom	2982	master	fix-licences
meta-qcom	2980	master	bala/cam_service_1.0.5
meta-qcom	2979	master	camera_upstream
meta-qcom	2978	master	master
meta-qcom	2977	master	A830v1_backport_change
meta-qcom	2976	master	ci-publish-results-app-token-scope
meta-qcom	2975	master	feature/boot_binaries_udpate
meta-qcom	2974	master	update-testkit-tag-for-hamoa
meta-qcom	2973	master	qli_pakala_45
meta-qcom	2971	master	sstate-mtime-cleanup
meta-qcom	2970	master	arun/update-shikra-boot-00065
meta-qcom	2969	wrynose	systemd-wrynose
meta-qcom	2968	master	meta-qcom-add-sv-recipe
meta-qcom	2967	wrynose	cp-commits-from-master
meta-qcom	2966	wrynose	wrynose
meta-qcom	2965	wrynose	backport/2939-to-wrynose
meta-qcom	2964	wrynose	backport/2776-to-wrynose
meta-qcom	2963	master	talos-evk-dtpm
meta-qcom	2962	master	edp_overlay_hamoa_purwa_meta-qcom
meta-qcom	2961	master	camx_downstream
meta-qcom	2960	wrynose	backport/2888-to-wrynose
meta-qcom	2959	wrynose	backport/2729-to-wrynose
meta-qcom	2958	wrynose	backport/2924-to-wrynose
meta-qcom	2957	master	evk-open-fw-spl-fit
meta-qcom	2956	master	ci-zizmor-gate-fixes
meta-qcom	2955	wrynose	backport/2926-to-wrynose
meta-qcom	2954	wrynose	backport/2861-to-wrynose
meta-qcom	2953	wrynose	backport/2901-to-wrynose
meta-qcom	2952	master	qcom-next-update
meta-qcom	2951	master	fastrpc-1.0.7
meta-qcom	2950	master	qli_knp_35
meta-qcom	2949	master	bump-base-lock-20260816
meta-qcom	2948	master	promote-qcom-next-7.2-rc5-20260816
meta-qcom	2947	wrynose	backport/2738-to-wrynose
meta-qcom	2946	wrynose	backport/2887-to-wrynose
meta-qcom	2945	wrynose	backport/2930-to-wrynose
meta-qcom	2944	wrynose	geo_tab
meta-qcom	2943	wrynose	update-meta-audioreach-wrynose
meta-qcom	2942	master	update-meta-audioreach-latest-wrynose
meta-qcom	2941	wrynose	join-kas-artifact
meta-qcom	2940	master	update-meta-audioreach-latest
meta-qcom	2939	master	20260814_Bootcritical_137
meta-qcom	2938	wrynose	afaisal/talos-evk-dtpm
meta-qcom	2937	wrynose	backport/2896-to-wrynose
meta-qcom	2936	master	ccache
meta-qcom	2935	master	gunyah-efivars
meta-qcom	2934	master	kas-next
meta-qcom	2933	wrynose	backport/2311-to-wrynose
meta-qcom	2932	wrynose	backport/2915-to-wrynose
meta-qcom	2931	wrynose	backport/2884-to-wrynose
meta-qcom	2930	master	kgsl
meta-qcom	2927	master	camx-dlkm
meta-qcom	2926	master	fix-ort-header
meta-qcom	2925	master	uboot-fit
meta-qcom	2924	master	bump-uboot-qcom-next-2026.10-rc1
meta-qcom	2923	master	eliza_a722_support
meta-qcom	2922	master	abseil-cpp
meta-qcom	2920	master	bump-base-lock-20260812
meta-qcom	2919	wrynose	lock
meta-qcom	2918	master	mahua_init
meta-qcom	2917	master	initramfs-udev-root-only
meta-qcom	2916	master	update-urm-to-v0.4.5
meta-qcom	2915	master	workflows/qli-auth
meta-qcom	2914	wrynose	shikra-backport
meta-qcom	2913	master	update-testkit-ref
meta-qcom	2912	master	ci/add-shikra-premerge
meta-qcom	2910	master	tii/tfa-platform-key
meta-qcom	2909	wrynose	backport/2903-to-wrynose
meta-qcom	2908	master	firmware-boot-build-info
meta-qcom	2907	master	master
meta-qcom	2906	master	qcom-common-binary
meta-qcom	2905	master	el2_config
meta-qcom	2904	master	dev
meta-qcom	2903	master	qcomflash-drop-sparse
meta-qcom	2902	master	talos-lyra-bu-cam
meta-qcom	2901	master	zizmor
meta-qcom	2900	wrynose	lock
meta-qcom	2899	wrynose	backport/2782-to-wrynose
meta-qcom	2898	wrynose	backport/2876-to-wrynose
meta-qcom	2897	wrynose	backport/2854-to-wrynose
meta-qcom	2896	master	firmware-boot-remove-stale-recipes
meta-qcom	2895	wrynose	backport-2884-to-wrynose
meta-qcom	2894	wrynose	backport/2870-to-wrynose
meta-qcom	2888	master	yocto_changes
meta-qcom	2887	master	ptool-rev
meta-qcom	2886	wrynose	backport/2807-to-wrynose
meta-qcom	2885	wrynose	backport/2837-to-wrynose
meta-qcom	2884	master	fix-dtbbin-sstate-holes
meta-qcom	2883	master	linux-qcom-dtbbin
meta-qcom	2882	wrynose	shikra
meta-qcom	2881	master	preferred-version
meta-qcom	2880	master	topic/rouven/qcom-bootimg-external-dt
meta-qcom	2879	master	kodiak-kvm
meta-qcom	2878	master	ci-armv7a-world
meta-qcom	2877	wrynose	backport/2874-to-wrynose
meta-qcom	2876	master	1.0.26
meta-qcom	2875	wrynose	backport/2824-to-wrynose
meta-qcom	2874	master	linux-qcom-dtbbin
meta-qcom	2873	master	bump-layers
meta-qcom	2872	master	promote-qcom-6.18.y-20260804
meta-qcom	2870	master	camx-dlkm
meta-qcom	2869	wrynose	backport/2858-to-wrynose
meta-qcom	2868	wrynose	backport/2801-to-wrynose
meta-qcom	2867	master	shikra_initramfs
meta-qcom	2866	wrynose	backport/2838-to-wrynose
meta-qcom	2865	master	systemd-qcom-raw-partitions-noblkid
meta-qcom	2863	wrynose	backport/2523-to-wrynose
meta-qcom	2862	master	tfa-bl311
meta-qcom	2861	master	optee-os-qcom-update
meta-qcom	2860	master	purvaNhamou
meta-qcom	2859	master	master
meta-qcom	2858	master	master
meta-qcom	2855	master	work_loc_apis
meta-qcom	2854	master	kgsl
meta-qcom	2853	master	gllnxES2_1
meta-qcom	2852	wrynose	wrynose
meta-qcom	2851	wrynose	backport/2784-to-wrynose
meta-qcom	2850	wrynose	backport/2786-to-wrynose
meta-qcom	2849	master	upgrade_camera_service_to_1.0.4
meta-qcom	2848	wrynose	wrynose
meta-qcom	2847	wrynose	backport/2784-to-wrynose
meta-qcom	2846	master	seatd-selinux-fix
meta-qcom	2845	wrynose	backport/2793-to-wrynose
meta-qcom	2844	wrynose	backport/2794-to-wrynose
meta-qcom	2843	master	wcn3988-fw-upstream
meta-qcom	2842	master	add-wcn3988-bt-fw
meta-qcom	2841	wrynose	backport/2829-to-wrynose
meta-qcom	2839	master	chitti-quickboot
meta-qcom	2838	master	qcom-next-update
meta-qcom	2837	master	ort-qnn
meta-qcom	2836	master	systemd-bbappends
meta-qcom	2834	wrynose	backport/2812-to-wrynose
meta-qcom	2833	master	selinux_urm
meta-qcom	2832	wrynose	backport/2716-to-wrynose
meta-qcom	2831	wrynose	backport/2826-to-wrynose
meta-qcom	2830	wrynose	backport/2787-to-wrynose
meta-qcom	2829	master	master
meta-qcom	2828	wrynose	backport/2711-to-wrynose
meta-qcom	2827	wrynose	backport/2805-to-wrynose
meta-qcom	2826	master	adreno-qcom-only
meta-qcom	2825	wrynose	wrynose
meta-qcom	2824	master	20260728_bc_135
meta-qcom	2823	master	build-metadata-fixes
meta-qcom	2821	master	master
meta-qcom	2820	master	monaco_uboot
meta-qcom	2819	master	feat/qdl-2.8-rc1
meta-qcom	2818	wrynose	backport/2753-to-wrynose
meta-qcom	2817	wrynose	backport/2717-to-wrynose
meta-qcom	2815	master	monthly-efs-cleanup
meta-qcom	2814	master	pcie-rp-d3-suspend-validation
meta-qcom	2813	master	add-opencv-base-packageconfig
meta-qcom	2812	master	gllnxES2
meta-qcom	2811	wrynose	backport/2773-to-wrynose
meta-qcom	2808	master	uboot-tools
meta-qcom	2807	master	enable-initramfs-firmware
meta-qcom	2806	wrynose	wrynose
meta-qcom	2805	master	master
meta-qcom	2804	wrynose	backport/2798-to-wrynose
meta-qcom	2803	master	seatd-selinux-fix
meta-qcom	2802	master	fix-licences
meta-qcom	2801	master	smart-venc-license-update
meta-qcom	2800	wrynose	backport/2791-to-wrynose
meta-qcom	2799	master	glymur-tpm-cmdline
meta-qcom	2798	master	license-from-tar
meta-qcom	2797	wrynose	backport/2739-to-wrynose
meta-qcom	2796	wrynose	backport/2791-to-wrynose
meta-qcom	2795	master	update-base-lock
meta-qcom	2794	master	unoq_contents
meta-qcom	2793	master	1.0.22
meta-qcom	2792	master	master
meta-qcom	2791	master	fix-kaanapali-license-fetch
meta-qcom	2790	wrynose	backport/2751-to-wrynose
meta-qcom	2789	master	ci-test-pr-recreate-comment
meta-qcom	2788	wrynose	backport/2234-to-wrynose
meta-qcom	2787	master	qcom-6.18-update-master
meta-qcom	2786	master	master
meta-qcom	2785	master	machine_essential
meta-qcom	2784	master	shikra-bt-firmware
meta-qcom	2782	master	agatti_firmware
meta-qcom	2781	wrynose	backport/2771-to-wrynose
meta-qcom	2779	master	docs/ab-slot-selection
meta-qcom	2776	master	hamoa_purwa_phone
meta-qcom	2775	wrynose	backport/2735-to-wrynose
meta-qcom	2774	master	qcom-next-update
meta-qcom	2773	master	master
meta-qcom	2772	master	update_meta-audioreach
meta-qcom	2771	master	kgsl
meta-qcom	2769	wrynose	backport/2715-to-wrynose
meta-qcom	2768	master	ci/add-pakala-premerge
meta-qcom	2767	master	drop-mesa-patch
meta-qcom	2765	wrynose	backport/2696-to-wrynose
meta-qcom	2764	master	shikra
meta-qcom	2763	wrynose	backport/2760-to-wrynose
meta-qcom	2762	wrynose	backport/2596-to-wrynose
meta-qcom	2760	master	kaanapali-bootbin-cleanup
meta-qcom	2759	master	pr-push-demo
meta-qcom	2758	master	abseil-cpp-camx
meta-qcom	2756	master	fix-stale-workflow-incomplete
meta-qcom	2755	wrynose	backport/2734-to-wrynose
meta-qcom	2754	master	qcom-sensors-binaries
meta-qcom	2753	master	master
meta-qcom	2751	master	purwa-vfat-sector-4096
meta-qcom	2750	master	bump-base-lock-master-20260716
meta-qcom	2749	wrynose	wrynose
meta-qcom	2748	wrynose	bump-base-lock-20260716
meta-qcom	2747	wrynose	backport/2684-to-wrynose
meta-qcom	2746	wrynose	backport/2713-to-wrynose
meta-qcom	2744	wrynose	backport/2728-to-wrynose
meta-qcom	2743	wrynose	qcs615-lyra-evk-wrynose
meta-qcom	2742	wrynose	qcs615-talos-evk-wrynose
meta-qcom	2741	wrynose	reg_size_vec4_a612_1608_wrynose
meta-qcom	2740	master	selinux-qrtr-modload-net-admin
meta-qcom	2739	master	fix/pkcs11-compound_variable_fix
meta-qcom	2738	master	camx_downstream
meta-qcom	2737	wrynose	backport-2624-to-wrynose
meta-qcom	2736	wrynose	backport/2701-to-wrynose
meta-qcom	2735	master	gi
meta-qcom	2734	master	202607
meta-qcom	2733	wrynose	backport/2693-to-wrynose
meta-qcom	2732	wrynose	backport/2724-to-wrynose
meta-qcom	2731	wrynose	wrynose-backport-2704
meta-qcom	2730	master	systemd
meta-qcom	2729	master	shikra-cdt
meta-qcom	2728	master	fastrpc
meta-qcom	2727	wrynose	weiden/wrynose-oe-core-bump
meta-qcom	2726	master	pkcs11-compound_variable_fix
meta-qcom	2725	wrynose	gmisra/lsm-policy-all-denials-260713
meta-qcom	2724	master	afaisal/glymur-shikra-tpm
meta-qcom	2723	wrynose	backport/2561-to-wrynose
meta-qcom	2722	wrynose	backport/2710-to-wrynose
meta-qcom	2721	master	fix-dspso
meta-qcom	2720	master	rb3-fit-overlay
meta-qcom	2719	master	msm_drm
meta-qcom	2718	master	boot-opts
meta-qcom	2717	master	add-xdp-support
meta-qcom	2716	master	ptool_rev
meta-qcom	2715	master	kgsl
meta-qcom	2714	wrynose	qcs615-talos-evk-wrynose
meta-qcom	2713	master	camx-dlkm
meta-qcom	2712	master	libqcomtee-rel-1-0-2
meta-qcom	2711	master	purwa_overlay
meta-qcom	2710	master	minkipc-rel-1-2-9
meta-qcom	2709	master	add-protobuf-native-mlmetaparser
meta-qcom	2708	master	ci/lava-qdl-deployment
meta-qcom	2707	master	tii/tfa-qtiseclib-qcs9100
meta-qcom	2706	master	update-urm-to-v0.4.3
meta-qcom	2705	master	update-urm-ext-to-v0.3.9
meta-qcom	2704	master	ci-optimize-world-builds
meta-qcom	2703	master	join-kas-artifact
meta-qcom	2702	wrynose	backport/2700-to-wrynose
meta-qcom	2701	master	qcom-next-update
meta-qcom	2700	master	buildstat
meta-qcom	2699	master	sstatesig-do_image_complete
meta-qcom	2698	master	afaisal/tpm-sepolicy
meta-qcom	2697	wrynose	backport/2694-to-wrynose
meta-qcom	2696	master	qcom-6.18-update-master
meta-qcom	2695	master	thermald-qcom-config
meta-qcom	2694	master	master
meta-qcom	2693	master	ci-optimize-upload-artifacts
meta-qcom	2692	wrynose	backport/2691-to-wrynose
meta-qcom	2691	master	metadata
meta-qcom	2690	master	ci/lava-pr-metadata
meta-qcom	2689	master	master
meta-qcom	2688	master	kvm
meta-qcom	2687	master	freedreno-modify-reg_size_vec4-for-a608/a612-to-32
meta-qcom	2686	wrynose	backport/1953-to-wrynose
meta-qcom	2685	wrynose	wrynose-meta-oe-bump
meta-qcom	2684	master	hamoa-enable-FIT
meta-qcom	2683	wrynose	backport/2682-to-wrynose
meta-qcom	2682	master	kgsl
meta-qcom	2679	wrynose	backport/2665-to-wrynose
meta-qcom	2678	wrynose	xdp-tools-rtc-testbench-wrynose
meta-qcom	2677	wrynose	backport/2652-to-wrynose
meta-qcom	2676	wrynose	backport/2634-to-wrynose
meta-qcom	2675	master	describe-commits
meta-qcom	2674	wrynose	backport/2645-to-wrynose
meta-qcom	2673	wrynose	wrynose-post-ga
meta-qcom	2671	wrynose	backport/2654-to-wrynose
meta-qcom	2670	wrynose	backport/2666-to-wrynose
meta-qcom	2669	wrynose	backport/2532-to-wrynose
meta-qcom	2668	master	ci/bitbake-lint
meta-qcom	2666	master	gllnxES1
meta-qcom	2665	master	shikra-evk-phone-feature
meta-qcom	2664	master	enable-iq-x5121-evk-test
meta-qcom	2663	master	ptool-bump
meta-qcom	2662	wrynose	backport/2653-to-wrynose
meta-qcom	2661	wrynose	backport/2616-to-wrynose
meta-qcom	2660	wrynose	backport/2612-to-wrynose
meta-qcom	2659	master	bump-base-lock-20260630
meta-qcom	2658	wrynose	shikra-evk-2450-to-wrynose
meta-qcom	2657	wrynose	weiden/m2-bt-wcn6855-wrynose
meta-qcom	2656	wrynose	backport/2619-to-wrynose
meta-qcom	2654	master	upd-hexagon
meta-qcom	2653	master	kgsl
meta-qcom	2652	master	describe-commits
meta-qcom	2651	master	Allow_BPF_usage_for_NetworkManager_IPv4_ACD
meta-qcom	2650	wrynose	backport/2604-to-wrynose
meta-qcom	2649	master	master
meta-qcom	2648	master	master
meta-qcom	2647	master	bump-base-lock-20260625
meta-qcom	2646	wrynose	backport/2625-to-wrynose
meta-qcom	2645	master	qcom-next-update
meta-qcom	2644	master	rtss-can-linux
meta-qcom	2643	wrynose	backport/2635-to-wrynose
meta-qcom	2642	wrynose	backport/2610-to-wrynose
meta-qcom	2641	wrynose	backport/2627-to-wrynose
meta-qcom	2640	master	fix-initramfs
meta-qcom	2639	wrynose	backport/2557-to-wrynose
meta-qcom	2638	wrynose	backport/2618-to-wrynose
meta-qcom	2637	master	igt-gpu-tools-amd-basic-pause
meta-qcom	2636	master	fix-igt
meta-qcom	2635	master	master
meta-qcom	2634	master	fix-fw-licence
meta-qcom	2633	wrynose	backport/2597-to-wrynose
meta-qcom	2632	master	mariadb-fix
meta-qcom	2631	wrynose	backport/2630-to-wrynose
meta-qcom	2630	master	fix-yp-repos
meta-qcom	2629	master	fix-nogl
meta-qcom	2628	wrynose	backport/2602-to-wrynose
meta-qcom	2627	master	1.0.20
meta-qcom	2625	master	qcom-6.18-update-master
meta-qcom	2624	master	fix-test-reporting-reruns
meta-qcom	2623	master	badges
meta-qcom	2619	master	camx_downstream
meta-qcom	2618	master	update-urm-extn-0.3.8
meta-qcom	2617	wrynose	check-nogl-wrynose
meta-qcom	2616	master	uefi-dtb-qcomflash
meta-qcom	2615	master	update-qcom-ptool-revision
meta-qcom	2612	master	update_qcom_tool
meta-qcom	2611	wrynose	backport/2281-to-wrynose
meta-qcom	2610	master	hamoa-disable-xDSP
meta-qcom	2609	wrynose	backport-2574
meta-qcom	2608	wrynose	backport/2513-to-wrynose
meta-qcom	2607	wrynose	backport/2601-to-wrynose
meta-qcom	2606	wrynose	fix-mixins-mandatory
meta-qcom	2605	wrynose	backport/2593-to-wrynose
meta-qcom	2604	master	Jairaj-quic/master
meta-qcom	2603	wrynose	branding-gif
meta-qcom	2602	master	camera_upstream
meta-qcom	2601	master	boot_130
meta-qcom	2600	master	afaisal/tpm-sepolicy
meta-qcom	2599	master	rishi-external-patch-1
meta-qcom	2598	master	feat/secure-boot-signing
meta-qcom	2597	master	pr_for_enable_flag
meta-qcom	2596	master	master
meta-qcom	2595	master	talos_dt
meta-qcom	2594	wrynose	readme-wry
meta-qcom	2593	master	branch_meta_qcom_master_kodiak_kvm_enable
meta-qcom	2591	master	mesa-revert
meta-qcom	2590	wrynose	backport/2580-to-wrynose
meta-qcom	2580	master	qcom-6.18-GA-Blockers
meta-qcom	2579	master	camx-dlkm
meta-qcom	2578	wrynose	backport/2497-to-wrynose
meta-qcom	2577	wrynose	wrynose-2536
meta-qcom	2576	wrynose	backport/2493-to-wrynose
meta-qcom	2574	master	test/update-refs
meta-qcom	2565	wrynose	backport/2533-to-wrynose
meta-qcom	2564	master	camx_downstream
meta-qcom	2563	master	qcom-6.18-update-master
meta-qcom	2562	master	shikra-release
meta-qcom	2561	master	qcm6490-idp-mdm
meta-qcom	2560	master	meta-qcom-camx-compilation-fix
meta-qcom	2559	wrynose	wrynose-fix-qcom-distro
meta-qcom	2558	master	fix-meta-selinux-sha
meta-qcom	2557	master	fix-fw
meta-qcom	2556	wrynose	backport/2464-to-wrynose
meta-qcom	2555	master	urm_ext_3_7
meta-qcom	2554	master	sdx75
meta-qcom	2553	master	enable_NM_wait-online_override
meta-qcom	2552	master	check-nogl
meta-qcom	2551	wrynose	fix-mixin-deps
meta-qcom	2549	master	master
meta-qcom	2548	wrynose	backport/2531-to-wrynose
meta-qcom	2546	wrynose	wrynose
meta-qcom	2545	wrynose	backport/2356-to-wrynose
meta-qcom	2542	wrynose	meta-lts-mixins
meta-qcom	2541	wrynose	backport/2494-to-wrynose
meta-qcom	2540	master	update-readme
meta-qcom	2539	wrynose	backport/2520-to-wrynose
meta-qcom	2537	wrynose	backport/2506-to-wrynose
meta-qcom	2536	master	docs-flashing-kas-container
meta-qcom	2535	master	badge
meta-qcom	2534	wrynose	backport/2517-to-wrynose
meta-qcom	2533	master	upgrade_imsdk_1_0_2
meta-qcom	2532	master	s3tags
meta-qcom	2531	master	qcom-next-update
meta-qcom	2530	wrynose	backport/2511-to-wrynose
meta-qcom	2529	master	rtss_umd
meta-qcom	2528	master	rtss_kmd
meta-qcom	2527	master	rtss_fitimage
meta-qcom	2526	wrynose	backport/2353-to-wrynose
meta-qcom	2525	wrynose	backport/2500-to-wrynose
meta-qcom	2524	wrynose	lock-wrynose-selinux
meta-qcom	2523	master	master
meta-qcom	2522	master	disable_redis_autostart
meta-qcom	2521	wrynose	backport/2381-to-wrynose
meta-qcom	2520	master	Boot_128
meta-qcom	2519	master	master
meta-qcom	2518	wrynose	dev_branch_rb3_indus_mezz_cologne
meta-qcom	2517	master	master
meta-qcom	2516	master	rishi-external-patch-1
meta-qcom	2515	wrynose	update-wrynose-readme
meta-qcom	2514	wrynose	lock-wrynose
meta-qcom	2513	master	efivar
meta-qcom	2512	wrynose	backport/2492-to-wrynose
meta-qcom	2511	master	fix/ostree-tmpfiles-selinux-context
meta-qcom	2510	wrynose	backport/2480-to-wrynose
meta-qcom	2509	master	urm-ext-3_2_new
meta-qcom	2508	wrynose	backport/2485-to-wrynose
meta-qcom	2507	wrynose	backport/2496-to-wrynose
meta-qcom	2506	master	ubwc_blocksize_fix_backport
meta-qcom	2505	wrynose	UBWC_blocksize_backport_patch
meta-qcom	2503	master	ci/add-shikra-boottest
meta-qcom	2502	wrynose	backport/2477-to-wrynose
meta-qcom	2501	wrynose	revert-2451-backport-2419
meta-qcom	2500	master	urm-ext-tag-3-2
meta-qcom	2499	master	temp
meta-qcom	2497	master	updatefirmwarepath
meta-qcom	2496	master	qcom-next-update
meta-qcom	2494	master	camx_downstream
meta-qcom	2493	master	hamoa-ufs-persist
meta-qcom	2492	master	master
meta-qcom	2491	wrynose	backport/2479-to-wrynose
meta-qcom	2490	wrynose	backport/2481-to-wrynose
meta-qcom	2489	wrynose	backport/2475-to-wrynose
meta-qcom	2488	wrynose	backport/2473-to-wrynose
meta-qcom	2487	wrynose	backport/2459-to-wrynose
meta-qcom	2486	wrynose	backport/2433-to-wrynose
meta-qcom	2485	master	shikra
meta-qcom	2483	wrynose	backport/2466-to-wrynose
meta-qcom	2482	wrynose	backport/2453-to-wrynose
meta-qcom	2481	master	urm-tag-4-2
meta-qcom	2480	master	feature/hamoa_purwa_tpm
meta-qcom	2479	master	rpmsg-export
meta-qcom	2478	wrynose	backport-2400
meta-qcom	2477	master	ipa-fw-qcm6490
meta-qcom	2476	wrynose	backport/2343-to-wrynose
meta-qcom	2475	master	CDT_IK_mezz_13
meta-qcom	2474	wrynose	backport/2412-to-wrynose
meta-qcom	2473	master	update-meta-audioreach
meta-qcom	2472	wrynose	wrynose-agents
meta-qcom	2471	master	master-ci-branch-filter-tighten
meta-qcom	2470	wrynose	wrynose-ci-workflow-sync
meta-qcom	2469	wrynose	wrynose-drop-linux-qcom-6.18-fragment
meta-qcom	2468	wrynose	backport-2462-to-wrynose
meta-qcom	2467	wrynose	backport/2460-to-wrynose
meta-qcom	2466	master	publish
meta-qcom	2465	wrynose	backport-2257-to-wrynose
meta-qcom	2464	master	camera_service_upgrade
meta-qcom	2463	wrynose	backport/1952-to-wrynose
meta-qcom	2462	master	qcom-6.18-update-master
meta-qcom	2461	master	lock-update-3
meta-qcom	2460	master	dev/update-urm-tag-GA
meta-qcom	2459	master	dev/update-urm-extn-tag-GA
meta-qcom	2458	master	enable-meta-ai
meta-qcom	2456	master	feat/qdte-capsule-cert-injection
meta-qcom	2455	master	compile-drop-action
meta-qcom	2453	master	systemd-boot-64bit
meta-qcom	2451	wrynose	backport-2419
meta-qcom	2450	master	shikra
meta-qcom	2449	wrynose	backport/2300-to-wrynose
meta-qcom	2448	master	master
meta-qcom	2447	wrynose	backport/2440-to-wrynose
meta-qcom	2446	wrynose	backport/2312-to-wrynose
meta-qcom	2445	wrynose	backport/2413-to-wrynose
meta-qcom	2444	wrynose	backport/2437-to-wrynose
meta-qcom	2442	wrynose	backport-2404
meta-qcom	2441	wrynose	backport/2399-to-wrynose
meta-qcom	2440	master	qcom-6.18-update-master
meta-qcom	2439	wrynose	backport/2420-to-wrynose
meta-qcom	2438	wrynose	backport/2416-to-wrynose
meta-qcom	2437	master	master
meta-qcom	2435	master	shikra_meta
meta-qcom	2434	wrynose	iq6_qps615_wrynose
meta-qcom	2433	master	iq6_qps615
meta-qcom	2432	master	master
meta-qcom	2431	wrynose	backport/2333-to-wrynose
meta-qcom	2430	wrynose	backport/2401-to-wrynose
meta-qcom	2428	master	master
meta-qcom	2427	wrynose	os-release-build-id-wrynose
meta-qcom	2426	wrynose	backport/2415-to-wrynose
meta-qcom	2425	wrynose	readme
meta-qcom	2424	wrynose	sdk
meta-qcom	2423	wrynose	backport/2240-to-wrynose
meta-qcom	2422	wrynose	backport/2370-to-wrynose
meta-qcom	2421	wrynose	backport/2397-to-wrynose
meta-qcom	2420	master	i2c-fix
meta-qcom	2419	master	hamoa-temp-lava
meta-qcom	2418	master	agents-update
meta-qcom	2417	master	RangingServicebranch
meta-qcom	2416	master	master
meta-qcom	2415	master	cmdline-dbg
meta-qcom	2413	master	master
meta-qcom	2412	master	master
meta-qcom	2411	wrynose	backport-2276
meta-qcom	2410	master	ci-kas-ecr-mirror
meta-qcom	2409	wrynose	backport/2392-to-wrynose
meta-qcom	2408	master	os-release-build-id
meta-qcom	2407	wrynose	backport/2398-to-wrynose
meta-qcom	2406	wrynose	backport/2389-to-wrynose
meta-qcom	2405	wrynose	backport/2385-to-wrynose
meta-qcom	2404	master	qcom-next-update
meta-qcom	2403	wrynose	backport/2390-to-wrynose
meta-qcom	2402	wrynose	backport/2376-to-wrynose
meta-qcom	2401	master	qcom-6.18-update-master
meta-qcom	2400	master	ci/update-testkit-tag-june9
meta-qcom	2399	master	master
meta-qcom	2398	master	iq-615-evk-ptool
meta-qcom	2397	master	fastrpc-1.0.6
meta-qcom	2396	wrynose	wrynose
meta-qcom	2395	wrynose	backport/2351-to-wrynose
meta-qcom	2394	wrynose	meta-lts-mixins-linux-firmware
meta-qcom	2393	wrynose	monaco_sdcc_wrynose
meta-qcom	2392	master	kgsl
meta-qcom	2391	wrynose	lemans_sdcc_wrynose
meta-qcom	2390	master	upgrade_qairt_2_47
meta-qcom	2389	master	iq-615-evk-cdt
meta-qcom	2387	wrynose	backport/2377-to-wrynose
meta-qcom	2386	wrynose	backport/2372-to-wrynose
meta-qcom	2385	master	TC9564
meta-qcom	2384	wrynose	backport-mariadb
meta-qcom	2383	master	workflows/fix-fork-pr-branch-detection
meta-qcom	2382	wrynose	backport-purwa
meta-qcom	2381	master	cdt-pkgs
meta-qcom	2380	wrynose	wrynose-backport-2366
meta-qcom	2379	wrynose	backport/2369-to-wrynose
meta-qcom	2378	wrynose	backport/2374-to-wrynose
meta-qcom	2377	master	update-urm-ext-tag
meta-qcom	2376	master	update-urm-tag
meta-qcom	2375	wrynose	camxdlkm-wrynose
meta-qcom	2374	master	ride-kvm-revert
meta-qcom	2373	master	xbl-config-combined
meta-qcom	2372	master	kvm-cfg
meta-qcom	2371	wrynose	backport/2347-to-wrynose
meta-qcom	2370	master	weston/compositor
meta-qcom	2369	master	image-adbd
meta-qcom	2368	master	rpmsg-export
meta-qcom	2367	master	feature/tpm_fix_kodiak_ik
meta-qcom	2366	master	talos-kvm
meta-qcom	2365	wrynose	backport/2304-to-wrynose
meta-qcom	2364	wrynose	wrynose-backport-2251
meta-qcom	2363	wrynose	backport/1873-to-wrynose
meta-qcom	2362	wrynose	backport/2350-to-wrynose
meta-qcom	2361	wrynose	backport/2355-to-wrynose
meta-qcom	2360	master	QLI_CR_Movement
meta-qcom	2359	master	QLI_CR_Movement
meta-qcom	2358	wrynose	wrynose
meta-qcom	2357	master	Dev_04_06_2026
meta-qcom	2356	master	meta-qcom-kodiakFp1
meta-qcom	2355	master	camxdlkm
meta-qcom	2353	master	Jairaj-quic/master
meta-qcom	2352	master	meta-AR-rev_update
meta-qcom	2351	master	monaco-ac-mezz
meta-qcom	2350	master	1.0.14
meta-qcom	2349	master	hamoa-lava-test
meta-qcom	2348	master	camx-dlkm
meta-qcom	2347	master	qcom-next-update
meta-qcom	2346	wrynose	wrynose
meta-qcom	2345	master	gi
meta-qcom	2344	wrynose	backport/2335-to-wrynose
meta-qcom	2343	master	dev
meta-qcom	2342	wrynose	backport/2165-to-wrynose
meta-qcom	2341	wrynose	backport-2303
meta-qcom	2340	wrynose	wrynose
meta-qcom	2339	master	master
meta-qcom	2338	master	ort-qnn
meta-qcom	2337	wrynose	backport/2332-to-wrynose
meta-qcom	2336	wrynose	backport/2298-to-wrynose
meta-qcom	2335	master	ptool_rev
meta-qcom	2334	master	Dev_01_06_2026
meta-qcom	2333	master	master
meta-qcom	2332	master	update_imsdk
meta-qcom	2330	wrynose	backport/2308-to-wrynose
meta-qcom	2329	wrynose	backport/2325-to-wrynose
meta-qcom	2328	wrynose	wrynose-backport-2305
meta-qcom	2327	wrynose	wrynose-backport-2273
meta-qcom	2326	wrynose	backport/2315-to-wrynose
meta-qcom	2325	master	src-rev-bump
meta-qcom	2324	wrynose	wrynose-backport-2144
meta-qcom	2323	master	meta-oe-bump
meta-qcom	2322	wrynose	wrynose-lock-update
meta-qcom	2321	master	systemd-term-fix
meta-qcom	2320	wrynose	backport/2288-to-wrynose
meta-qcom	2319	master	add-rtc-testbench
meta-qcom	2317	master	master
meta-qcom	2315	master	camera_downstream
meta-qcom	2314	master	purwa_package
meta-qcom	2313	wrynose	backport/1961-to-wrynose
meta-qcom	2312	master	master
meta-qcom	2311	master	hamoa-purwa-el2-dtbo
meta-qcom	2310	wrynose	backport/2297-to-wrynose
meta-qcom	2309	master	master
meta-qcom	2308	master	master
meta-qcom	2307	wrynose	backport/2278-to-wrynose
meta-qcom	2306	master	Update-Stale-PR-Workflow-Auto-close-after-30+5-days
meta-qcom	2305	master	fit-compatible
meta-qcom	2304	master	workflows/run-qcom-6.18-on-master-only
meta-qcom	2303	master	ci/update-testkit-tag
meta-qcom	2302	master	master
meta-qcom	2300	master	ostree-capsule
meta-qcom	2299	master	glymur-qli_teckpack
meta-qcom	2298	master	qcom-6.18-update-master
meta-qcom	2297	master	src-rev-up
meta-qcom	2296	wrynose	imsdk_add_libeigen_deps
meta-qcom	2294	master	master
meta-qcom	2293	master	master
meta-qcom	2292	wrynose	fix-qli-baseline
meta-qcom	2291	wrynose	backport/2233-to-wrynose
meta-qcom	2290	wrynose	wrynose-boot-126
meta-qcom	2289	master	drop-kvm-distro
meta-qcom	2288	master	feat/cbsp-boot-utilities-upgrade
meta-qcom	2286	master	configs
meta-qcom	2285	wrynose	patch-1
meta-qcom	2284	master	camx_downstream
meta-qcom	2283	master	kas-lock-update
meta-qcom	2282	wrynose	backport/2246-to-wrynose
meta-qcom	2281	master	master
meta-qcom	2280	master	kvm
meta-qcom	2279	master	imsdk_add_libeigen_deps
meta-qcom	2278	master	enable-purwa-multi-dtb
meta-qcom	2277	master	work_pla_loc_api
meta-qcom	2276	master	fix-ci
meta-qcom	2275	master	master
meta-qcom	2274	master	main
meta-qcom	2273	master	selftest
meta-qcom	2272	wrynose	backport/2236-to-wrynose
robotics-sdk	404	main	enable-monza-ci
robotics-sdk	403	wrynose	backport/380-to-wrynose
robotics-sdk	402	main	ci-sync-meta-qcom
robotics-sdk	401	main	pcl-compile
robotics-sdk	400	wrynose	wrynose
robotics-sdk	399	wrynose	automation/meta-ros/wrynose
robotics-sdk	398	wrynose	qli-21-rel
robotics-sdk	397	wrynose	backport/393-to-wrynose
robotics-sdk	396	wrynose	wrynose
robotics-sdk	395	main	automation/meta-ros/main
robotics-sdk	394	main	coral-fix
robotics-sdk	393	main	xiaolong/monza-enable
robotics-sdk	392	main	ccache
robotics-sdk	391	wrynose	auto-update-meta-qcom-kas-config-35544648064
robotics-sdk	390	main	resource-limit
robotics-sdk	389	wrynose	auto-update-meta-qcom-kas-config-35476113928
robotics-sdk	388	main	auto-update-meta-qcom-kas-config-34548898557
robotics-sdk	387	main	main
robotics-sdk	386	wrynose	wrynose-rdepends
robotics-sdk	385	wrynose	wrynose
robotics-sdk	384	wrynose	backport/381-to-wrynose
robotics-sdk	383	main	auto-update-meta-qcom-kas-config-34729757643
robotics-sdk	382	wrynose	auto-update-meta-qcom-kas-config-34725402920
robotics-sdk	381	main	dev/capture_resolution
robotics-sdk	380	main	ci-fsx-sstate-cache
robotics-sdk	379	wrynose	auto-update-meta-qcom-kas-config-34170020712
robotics-sdk	378	main	auto-update-meta-qcom-kas-config-34175365960
robotics-sdk	377	wrynose	backport/374-to-wrynose
robotics-sdk	376	main	sstate-cache-test
robotics-sdk	375	main	backport-note
robotics-sdk	374	main	dev/encoder_stability
robotics-sdk	373	main	readme-update
robotics-sdk	372	wrynose	multi-target-wrynose
robotics-sdk	371	main	multi-target-ci
robotics-sdk	370	main	chore/update-meta-ros-main-434d9666
robotics-sdk	369	wrynose	chore/update-meta-ros-wrynose-f4a5e480
robotics-sdk	368	main	chore/qcom-robotics-distro-infra
robotics-sdk	367	main	integrate-target
robotics-sdk	366	wrynose	fmt-wrynose
robotics-sdk	365	wrynose	backport/362-to-wrynose
robotics-sdk	364	main	auto-update-meta-qcom-kas-config-33346624474
robotics-sdk	363	main	sep-rel
robotics-sdk	362	main	main
robotics-sdk	361	wrynose	wrynose
robotics-sdk	360	wrynose	backport/355-to-wrynose
robotics-sdk	359	main	fmt-fix
robotics-sdk	358	main	auto-update-meta-qcom-kas-config-29174562861
robotics-sdk	357	main	main
robotics-sdk	356	wrynose	auto-update-meta-qcom-kas-config-32429086783
robotics-sdk	355	main	main
robotics-sdk	354	wrynose	backport/350-to-wrynose
robotics-sdk	353	main	auto-update-meta-qcom-kas-config-32433212746
robotics-sdk	352	main	auto-update-meta-qcom-kas-config-31344960860
robotics-sdk	351	wrynose	backport/349-to-wrynose
robotics-sdk	350	main	depth-est-fix
robotics-sdk	349	main	main
robotics-sdk	348	main	main
robotics-sdk	347	wrynose	backport/346-to-wrynose
robotics-sdk	346	main	main
robotics-sdk	345	wrynose	wrynose
robotics-sdk	344	main	auto-update-meta-qcom-commit-31344960860
robotics-sdk	343	main	auto-update-meta-qcom-kas-config-31344960860
robotics-sdk	342	wrynose	backport/341-to-wrynose
robotics-sdk	341	main	main
robotics-sdk	340	main	auto-update-meta-qcom-kas-config-31344960860
robotics-sdk	339	wrynose	auto-update-meta-qcom-kas-config-30591306265
robotics-sdk	338	main	auto-update-meta-qcom-commit-31344960860
robotics-sdk	337	wrynose	backport/336-to-wrynose
robotics-sdk	336	main	chrony
robotics-sdk	335	wrynose	auto-update-meta-qcom-commit-30591306265
robotics-sdk	334	main	auto-update-meta-qcom-commit-30595031571
robotics-sdk	333	main	prebuilt
robotics-sdk	332	main	auto-update-meta-qcom-commit-30137414967
robotics-sdk	331	wrynose	auto-update-meta-qcom-commit-30134495036
robotics-sdk	330	wrynose	auto-update-meta-qcom-commit-30053939393
robotics-sdk	329	wrynose	backport/328-to-wrynose
robotics-sdk	328	main	main
robotics-sdk	327	wrynose	wrynose
robotics-sdk	326	main	main
robotics-sdk	325	main	ci-update
robotics-sdk	324	main	auto-update-meta-qcom-commit-29624005631
robotics-sdk	323	wrynose	backport/319-to-wrynose
robotics-sdk	322	wrynose	backport/318-to-wrynose
robotics-sdk	321	wrynose	auto-update-meta-qcom-commit-29172440534
robotics-sdk	320	main	auto-update-meta-qcom-commit-29174562861
robotics-sdk	319	main	dev/defer_output_port_setup
robotics-sdk	318	main	lava-fix
robotics-sdk	317	wrynose	auto-update-meta-qcom-commit-28983460036
robotics-sdk	316	wrynose	chore/update-meta-ros-wrynose-dbb05e0b
robotics-sdk	315	wrynose	auto-update-meta-qcom-commit-28688115050
robotics-sdk	314	wrynose	auto-update-meta-qcom-commit-28688115050
robotics-sdk	313	wrynose	chore/update-meta-ros-wrynose-dbb05e0b
robotics-sdk	312	wrynose	backport/305-to-wrynose
robotics-sdk	311	wrynose	chore/update-meta-ros-wrynose-dbb05e0b
robotics-sdk	310	main	chore/update-meta-ros-main-7c0bded4
robotics-sdk	309	wrynose	chore/update-meta-ros-wrynose-c671acf8
robotics-sdk	308	main	rdepends-fix
robotics-sdk	307	wrynose	auto-update-meta-qcom-commit-28271511408
robotics-sdk	306	main	auto-update-meta-qcom-commit-28413748120
robotics-sdk	305	main	update-readme
robotics-sdk	304	main	main
robotics-sdk	303	main	auto-update-meta-qcom-commit-28140480409
robotics-sdk	302	wrynose	add-premirror
robotics-sdk	301	wrynose	wrynose
robotics-sdk	300	wrynose	add-premirror
robotics-sdk	299	wrynose	auto-update-meta-qcom-commit-28125438792
robotics-sdk	298	wrynose	wrynose
robotics-sdk	297	main	cache-clean
robotics-sdk	296	wrynose	wrynose
robotics-sdk	295	main	sdk-pv
robotics-sdk	294	main	distro-fix
robotics-sdk	293	main	main
robotics-sdk	292	wrynose	wrynose
robotics-sdk	291	wrynose	auto-update-meta-qcom-commit-27887533553
robotics-sdk	290	main	auto-update-meta-qcom-commit-27889790245
robotics-sdk	289	main	pre-build-fix
robotics-sdk	288	wrynose	wrynose
robotics-sdk	287	main	fix-rosbag2-zstd
robotics-sdk	286	wrynose	porting/wrynose
robotics-sdk	285	main	main
robotics-sdk	284	main	auto-update-meta-qcom-commit-27452450302
robotics-sdk	283	wrynose	auto-update-meta-qcom-commit-27482598125
robotics-sdk	282	wrynose	backport/278-to-wrynose
robotics-sdk	281	main	auto-update-meta-qcom-commit-27111007913
robotics-sdk	280	wrynose	drop-kvm
robotics-sdk	279	wrynose	backport/275-to-wrynose
robotics-sdk	278	main	main
robotics-sdk	277	wrynose	wrynose
robotics-sdk	276	wrynose	wrynose-esdk-fix
robotics-sdk	275	main	sample-name-fix
robotics-sdk	274	main	esdk-fix
robotics-sdk	273	wrynose	chore/update-meta-ros-wrynose-6a9a84fa
robotics-sdk	272	main	chore/update-meta-ros-main-6a9a84fa
robotics-sdk	271	main	auto-update-meta-qcom-commit-26699958373
robotics-sdk	270	backport/206-to-wrynose	backport/206-to-wrynose
robotics-sdk	269	wrynose	wrynose
robotics-sdk	268	main	auto-update-meta-qcom-commit-26548584348
robotics-sdk	267	wrynose	wrynose
robotics-sdk	266	main	build-update
robotics-sdk	265	wrynose	backport/243-to-wrynose
robotics-sdk	264	wrynose	wrynose
robotics-sdk	263	wrynose	auto-update-meta-qcom-commit-26346619144
robotics-sdk	262	main	auto-update-meta-qcom-commit-26348444174
robotics-sdk	261	main	build-update
robotics-sdk	260	main	test_slack
robotics-sdk	259	main	pat-update
robotics-sdk	258	wrynose	wrynose
robotics-sdk	257	wrynose	wrynose
robotics-sdk	256	main	main
robotics-sdk	255	main	chore/update-meta-ros-main-ec397478
robotics-sdk	254	wrynose	chore/update-meta-ros-wrynose-ec397478
robotics-sdk	253	wrynose	backport/206-to-wrynose
robotics-sdk	252	main	sdk-version-fix
robotics-sdk	251	wrynose	wrynose
robotics-sdk	250	wrynose	auto-update-meta-qcom-commit-25975950544
robotics-sdk	249	main	auto-update-meta-qcom-commit-25977835168
robotics-sdk	248	wrynose	wrynose
robotics-sdk	247	wrynose	wrynose
robotics-sdk	246	wrynose	auto-update-meta-qcom-commit-25832833355
robotics-sdk	245	wrynose	wrynose
robotics-sdk	244	wrynose	chore/update-meta-ros-wrynose-8f6f2c0d
robotics-sdk	243	main	chore/update-meta-ros-8f6f2c0d
robotics-sdk	242	main	chore/update-meta-ros-8f6f2c0d
robotics-sdk	241	main	2.0-ci
robotics-sdk	240	wrynose	wrynose
robotics-sdk	239	main	5-12
robotics-sdk	238	main	main
robotics-sdk	237	main	main
robotics-sdk	236	main	auto-update-meta-qcom-commit-25616385796
robotics-sdk	235	main	main
robotics-sdk	234	wrynose	wrynose
robotics-sdk	233	main	2.0-ci
robotics-sdk	232	wrynose	wrynose
robotics-sdk	231	main	2.0-ci
robotics-sdk	230	main	label_fix
robotics-sdk	229	wrynose	wrynose
robotics-sdk	228	main	auto-update-meta-qcom-commit-25266440184
robotics-sdk	227	main	main
robotics-sdk	226	main	auto-update-meta-qcom-commit-24952525259
robotics-sdk	225	main	classification
robotics-sdk	224	main	main
robotics-sdk	223	main	feature
robotics-sdk	222	main	main
robotics-sdk	221	main	main
robotics-sdk	220	main	main
robotics-sdk	219	main	main
robotics-sdk	218	main	main
robotics-sdk	217	main	feat_hrnet
robotics-sdk	216	main	depth-est
robotics-sdk	215	main	main
robotics-sdk	214	main	auto-update-meta-qcom-commit-24625000945
robotics-sdk	213	main	auto-update-meta-qcom-commit-24600927798
robotics-sdk	212	main	gfortran-install
robotics-sdk	211	main	enable-samples1
robotics-sdk	210	main	object-segmentation
robotics-sdk	209	main	object-detection
robotics-sdk	208	main	meta-ros-update
robotics-sdk	207	main	auto-update-meta-qcom-commit-24532729134
robotics-sdk	206	main	readme-update
robotics-sdk	205	main	delete-sample
robotics-sdk	204	main	auto-update-meta-qcom-commit-24477114180
robotics-sdk	203	main	classification
robotics-sdk	202	main	hand-detection
robotics-sdk	201	main	main
robotics-sdk	200	main	auto-update-meta-qcom-commit-24390142298
robotics-sdk	199	main	main
robotics-sdk	198	main	auto-update-meta-qcom-commit-24335007827
robotics-sdk	197	main	auto-update-meta-qcom-commit-24365713647
robotics-sdk	196	main	auto-update-meta-qcom-commit-24365713647
robotics-sdk	195	main	main
robotics-sdk	194	main	auto-update-meta-qcom-commit-24315824506
robotics-sdk	193	main	auto-update-meta-qcom-commit-24315824506
robotics-sdk	192	main	auto-update-meta-qcom-commit-24315824506
robotics-sdk	191	main	bug_fix_sdk_source
robotics-sdk	190	main	update-commits
robotics-sdk	189	main	update-commits
robotics-sdk	188	main	main
robotics-sdk	187	main	main
robotics-sdk	186	main	main
robotics-sdk	185	main	update-commits
robotics-sdk	184	main	main
robotics-sdk	183	main	QC-Preflight-Checks-Workflow-Addition
robotics-sdk	182	main	Add-Dependabot-configuration-for-automated-dependency-updates
robotics-sdk	181	main	main
robotics-sdk	180	main	upload-ci
robotics-sdk	178	main	upload-ci
robotics-sdk	177	main	upload-ci
robotics-sdk	176	main	main
robotics-sdk	175	main	upload-update
robotics-sdk	174	main	main
robotics-sdk	173	main	main
robotics-sdk	172	main	260331_1
robotics-sdk	171	main	dev/meta-qcom-robotics-sdk
robotics-sdk	170	main	sdk_source_code
robotics-sdk	169	main	fix_ci
robotics-sdk	168	main	update
robotics-sdk	167	main	main
robotics-sdk	166	main	update_version
robotics-sdk	165	main	fix_ci
robotics-sdk	164	main	main
robotics-sdk	163	main	main
robotics-sdk	161	main	main
robotics-sdk	160	main	main
robotics-sdk	159	main	monthly-config
robotics-sdk	158	main	update_meta_qcom_3_22
robotics-sdk	157	main	update_meta_qcom_3_22
robotics-sdk	156	main	auto-update-meta-qcom-commit-23388246812
robotics-sdk	155	main	auto-update-meta-qcom-commit-23399284807
robotics-sdk	154	main	main
robotics-sdk	153	main	pick-place
robotics-sdk	152	main	main
robotics-sdk	151	main	update_meta_qcom_3_17
robotics-sdk	150	main	update_meta_qcom_3_16
robotics-sdk	149	main	cartographer_ros
robotics-sdk	148	main	enable_cartographer
robotics-sdk	147	main	main
robotics-sdk	146	main	pick-place
robotics-sdk	145	main	pick-place
robotics-sdk	144	main	main
robotics-sdk	143	main	main
robotics-sdk	142	main	cartographer
robotics-sdk	141	main	cartographer
robotics-sdk	140	main	test_0316
robotics-sdk	139	main	feat_carto
robotics-sdk	138	main	orbbec_2
robotics-sdk	137	main	main
robotics-sdk	136	main	auto-update-meta-qcom-commit-22893924937
robotics-sdk	135	main	auto-update-meta-qcom-commit-22893924937
robotics-sdk	134	main	auto-update-meta-qcom-commit-22893924937
robotics-sdk	133	main	main
robotics-sdk	132	main	pr-template
robotics-sdk	131	main	auto-update-meta-qcom-commit-22829302356
robotics-sdk	130	main	rp_scripts
robotics-sdk	129	main	auto-update-meta-qcom-commit-22829302356
robotics-sdk	128	main	auto-update-meta-qcom-commit-22817476553
robotics-sdk	127	main	auto-update-meta-qcom-commit-22567888077
robotics-sdk	126	main	auto-update-meta-qcom-commit-22567888077
robotics-sdk	125	main	auto-update-meta-qcom-commit-22329555903
robotics-sdk	124	main	auto-update-22794028536
robotics-sdk	123	main	depth-est
robotics-sdk	122	main	pr-template
robotics-sdk	121	main	ci-improve
robotics-sdk	120	main	update_mirror
robotics-sdk	119	main	ros_patch
robotics-sdk	118	main	main
robotics-sdk	117	main	main
robotics-sdk	116	main	main
robotics-sdk	115	main	for_ros_sdk
robotics-sdk	114	main	update_qirp_sdk_version
robotics-sdk	113	main	Ceere-patch-1
robotics-sdk	112	main	main
robotics-sdk	111	main	main
robotics-sdk	110	main	main
robotics-sdk	109	main	main
robotics-sdk	108	main	update_runtime_package_tar
robotics-sdk	107	main	main
robotics-sdk	106	main	main
robotics-sdk	105	main	main
robotics-sdk	104	main	main
robotics-sdk	103	main	runtime_script
robotics-sdk	102	main	update_runtime_package
robotics-sdk	101	main	main
robotics-sdk	100	main	main
robotics-sdk	99	main	ci-improve
robotics-sdk	98	main	issue_of_qirp_sdk
robotics-sdk	97	main	main
robotics-sdk	96	main	ci-debug
robotics-sdk	95	main	main
robotics-sdk	94	main	main
robotics-sdk	93	main	revert-commit
robotics-sdk	92	main	orbbec_1
robotics-sdk	91	main	orbbec1
robotics-sdk	90	main	orbbec
robotics-sdk	89	main	enable_rplidar
robotics-sdk	88	main	main
robotics-sdk	87	main	main
robotics-sdk	86	main	main
robotics-sdk	85	main	main
robotics-sdk	84	main	ros-gst
robotics-sdk	83	main	main
robotics-sdk	82	main	runtime
robotics-sdk	81	main	main
robotics-sdk	80	main	rplidar
robotics-sdk	79	main	meta-ros-upgrade
robotics-sdk	78	main	main
robotics-sdk	77	main	main
robotics-sdk	76	main	main
robotics-sdk	75	main	main
robotics-sdk	74	main	update_runtime
robotics-sdk	73	main	qirp_sdk_logic
robotics-sdk	72	main	delete_useless_file
robotics-sdk	71	main	rever-commit
robotics-sdk	70	main	main
robotics-sdk	69	main	lava
robotics-sdk	68	main	sota
robotics-sdk	67	main	main
robotics-sdk	66	main	V2
robotics-sdk	65	main	main
robotics-sdk	64	main	main
robotics-sdk	63	main	rever-commit
robotics-sdk	62	main	rever-commit
robotics-sdk	61	main	remove-do-install-lic
robotics-sdk	60	main	lic-missing
robotics-sdk	59	main	QIR_SDK
robotics-sdk	58	main	qirp-lic-error
robotics-sdk	57	main	ros-done
robotics-sdk	56	main	fix_ci
robotics-sdk	55	main	qirp-lic-error
robotics-sdk	54	main	main
robotics-sdk	53	main	lttng-fix
robotics-sdk	52	main	main
robotics-sdk	51	main	qirp-lic
robotics-sdk	50	main	main
robotics-sdk	49	main	PR-TEST
robotics-sdk	48	main	main
robotics-sdk	47	main	lttng-fix
robotics-sdk	46	main	main
robotics-sdk	45	main	commit-check
robotics-sdk	44	main	lttng-fix
robotics-sdk	43	main	main
robotics-sdk	42	main	prop-image-pr
robotics-sdk	41	main	prop-image-pr
robotics-sdk	40	main	main
robotics-sdk	39	main	main
robotics-sdk	38	main	main
robotics-sdk	37	main	main
robotics-sdk	36	main	readme-update
robotics-sdk	35	main	readme-update
robotics-sdk	34	main	main
robotics-sdk	33	main	commitlint
robotics-sdk	32	main	commitlint
robotics-sdk	31	main	commitlint
robotics-sdk	30	main	main
robotics-sdk	29	main	fix_ci
robotics-sdk	28	main	main
robotics-sdk	27	main	main
robotics-sdk	25	main	fix_ci
robotics-sdk	24	main	main
robotics-sdk	23	main	fix-ci
robotics-sdk	22	main	main
robotics-sdk	21	main	main
robotics-sdk	20	main	main
robotics-sdk	19	main	main
robotics-sdk	18	main	main
robotics-sdk	17	main	changeowner
robotics-sdk	16	main	codeowner
robotics-sdk	15	main	main
robotics-sdk	12	main	revert-6-main
robotics-sdk	11	main	main
robotics-sdk	10	main	main
robotics-sdk	9	main	main
robotics-sdk	8	main	main
robotics-sdk	7	main	main
robotics-sdk	6	main	main
robotics-sdk	5	main	main
robotics-sdk	4	main	main
robotics-sdk	3	main	main
robotics-sdk	2	scarthgap	master
robotics-sdk	1	scarthgap	njjetha
