repo	run_id	run_attempt	job_id	job_name	runner_name	machine_name	utc_timestamp	class	recipe_task	file_or_repo	storage	log_line
qualcomm-linux/meta-qcom	31685636432	1	94401539400	build-pr / compile_warm_up (qcom-armv8a, qcom-distro, :ci/qcom-distro.yml, default) / qcom-armv8a/qcom-distro	foundri-prd-u2404-x64-od-eph-i-0daf3018f0288ed9c	ip-10-185-120-93	2026-08-13T09:24:31.1659554Z	A	qcom-sensors-binaries-2.0.2-r0:do_fetch	/downloads/qcom-sensors-prebuilts_2.0.2_armv8a.tar.gz	/efs	2026-08-13 09:24:31 - INFO     - WARNING: qcom-sensors-binaries-2.0.2-r0 do_fetch: Checksum mismatch for local file /downloads/qcom-sensors-prebuilts_2.0.2_armv8a.tar.gz
qualcomm-linux/meta-qcom	31685636432	1	94401539400	build-pr / compile_warm_up (qcom-armv8a, qcom-distro, :ci/qcom-distro.yml, default) / qcom-armv8a/qcom-distro	foundri-prd-u2404-x64-od-eph-i-0daf3018f0288ed9c	ip-10-185-120-93	2026-08-13T09:24:31.1660936Z	A	qcom-sensors-binaries-2.0.2-r0:do_fetch	/downloads/qcom-sensors-prebuilts_2.0.2_armv8a.tar.gz	/efs	2026-08-13 09:24:31 - INFO     - WARNING: qcom-sensors-binaries-2.0.2-r0 do_fetch: Renaming /downloads/qcom-sensors-prebuilts_2.0.2_armv8a.tar.gz to /downloads/qcom-sensors-prebuilts_2.0.2_armv8a.tar.gz_bad-checksum_e3299ed5dba4c76c6efe1914134942aea0445f40011bf11116470de2ae0a20c6
qualcomm-linux/meta-qcom	33608465812	1	100259081034	build-pr / compile (qcs9100-ride-sx, qcom-distro-catchall, :ci/qcom-distro-catchall.yml, 6.18, _linux-qcom-6... / qcs9100-ride-sx/qcom-distro-catchall_linux-qcom-6.18	foundri-prd-u2404-x64-od-eph-i-0a1106de130952b89	ip-10-185-121-13	2026-09-02T15:13:41.6989448Z	C		/sstate/4b/a1/sstate:libgcc:armv8-2a-qcom-linux:16.2.0:r0:armv8-2a:14:4ba17c1acb838397620ca826a97e6588be48ee3ef7a472562d214715c53c8288_package_write_rpm.tar.zst.siginfo	/efs	2026-09-02 15:13:41 - ERROR    - Exception: OSError: [Errno 116] Stale file handle: '/sstate/4b/a1/sstate:libgcc:armv8-2a-qcom-linux:16.2.0:r0:armv8-2a:14:4ba17c1acb838397620ca826a97e6588be48ee3ef7a472562d214715c53c8288_package_write_rpm.tar.zst.siginfo'
qualcomm-linux/meta-qcom	33608465812	1	100259081034	build-pr / compile (qcs9100-ride-sx, qcom-distro-catchall, :ci/qcom-distro-catchall.yml, 6.18, _linux-qcom-6... / qcs9100-ride-sx/qcom-distro-catchall_linux-qcom-6.18	foundri-prd-u2404-x64-od-eph-i-0a1106de130952b89	ip-10-185-121-13	2026-09-02T15:14:13.0781144Z	C		/sstate/4b/a1/sstate:libgcc:armv8-2a-qcom-linux:16.2.0:r0:armv8-2a:14:4ba17c1acb838397620ca826a97e6588be48ee3ef7a472562d214715c53c8288_package_write_rpm.tar.zst.siginfo	/efs	Exception: OSError: [Errno 116] Stale file handle: '/sstate/4b/a1/sstate:libgcc:armv8-2a-qcom-linux:16.2.0:r0:armv8-2a:14:4ba17c1acb838397620ca826a97e6588be48ee3ef7a472562d214715c53c8288_package_write_rpm.tar.zst.siginfo'
qualcomm-linux/meta-qcom	33707119200	1	100499311775	build-pr / compile_warm_up (glymur-crd, qcom-distro, :ci/qcom-distro.yml, default) / glymur-crd/qcom-distro	foundri-prd-u2404-x64-od-eph-i-0a74aea0c046039ec	ip-10-185-123-101	2026-09-03T02:30:21.7766684Z	A	camxlib-hamoa-1.0.41-r0:do_fetch	https://qartifactory-edge.qualcomm.com/artifactory/qsc_releases/software/chip/component/camx.qclinux.0.0/260826/prebuilt_yocto_master/camxtest-hamoa_1.0.38_armv8-2a.tar.gz	/efsx	2026-09-03 02:30:21 - INFO     - WARNING: camxlib-hamoa-1.0.41-r0 do_fetch: Checksum failure encountered with download of https://qartifactory-edge.qualcomm.com/artifactory/qsc_releases/software/chip/component/camx.qclinux.0.0/260826/prebuilt_yocto_master/camxtest-hamoa_1.0.38_armv8-2a.tar.gz;name=camxtest - will attempt other sources if available
qualcomm-linux/meta-qcom	33707119200	1	100499311775	build-pr / compile_warm_up (glymur-crd, qcom-distro, :ci/qcom-distro.yml, default) / glymur-crd/qcom-distro	foundri-prd-u2404-x64-od-eph-i-0a74aea0c046039ec	ip-10-185-123-101	2026-09-03T02:30:23.5728670Z	A	camxlib-hamoa-1.0.41-r0:do_fetch		/efsx	2026-09-03 02:30:23 - ERROR    - ERROR: camxlib-hamoa-1.0.41-r0 do_fetch: Fetcher failure for URL: 'https://qartifactory-edge.qualcomm.com/artifactory/qsc_releases/software/chip/component/camx.qclinux.0.0/260826/prebuilt_yocto_master/camxtest-hamoa_1.0.38_armv8-2a.tar.gz;name=camxtest'. Checksum mismatch!
qualcomm-linux/meta-qcom	33707119200	1	100499311775	build-pr / compile_warm_up (glymur-crd, qcom-distro, :ci/qcom-distro.yml, default) / glymur-crd/qcom-distro	foundri-prd-u2404-x64-od-eph-i-0a74aea0c046039ec	ip-10-185-123-101	2026-09-03T02:31:02.6438951Z	A	camxlib-hamoa-1.0.41-r0:do_fetch		/efsx	ERROR: camxlib-hamoa-1.0.41-r0 do_fetch: Fetcher failure for URL: 'https://qartifactory-edge.qualcomm.com/artifactory/qsc_releases/software/chip/component/camx.qclinux.0.0/260826/prebuilt_yocto_master/camxtest-hamoa_1.0.38_armv8-2a.tar.gz;name=camxtest'. Checksum mismatch!
qualcomm-linux/meta-qcom	33707119200	2	100576804232	build-pr / compile_warm_up (glymur-crd, qcom-distro, :ci/qcom-distro.yml, default) / glymur-crd/qcom-distro	foundri-prd-u2404-x64-od-eph-i-08df20a69ec88ea88	ip-10-185-113-53	2026-09-03T08:28:44.4376864Z	A	camxlib-hamoa-1.0.41-r0:do_fetch	https://qartifactory-edge.qualcomm.com/artifactory/qsc_releases/software/chip/component/camx.qclinux.0.0/260826/prebuilt_yocto_master/camxtest-hamoa_1.0.38_armv8-2a.tar.gz	/efsx	2026-09-03 08:28:44 - INFO     - WARNING: camxlib-hamoa-1.0.41-r0 do_fetch: Checksum failure encountered with download of https://qartifactory-edge.qualcomm.com/artifactory/qsc_releases/software/chip/component/camx.qclinux.0.0/260826/prebuilt_yocto_master/camxtest-hamoa_1.0.38_armv8-2a.tar.gz;name=camxtest - will attempt other sources if available
qualcomm-linux/meta-qcom	33707119200	2	100576804232	build-pr / compile_warm_up (glymur-crd, qcom-distro, :ci/qcom-distro.yml, default) / glymur-crd/qcom-distro	foundri-prd-u2404-x64-od-eph-i-08df20a69ec88ea88	ip-10-185-113-53	2026-09-03T08:28:46.1574033Z	A	camxlib-hamoa-1.0.41-r0:do_fetch		/efsx	2026-09-03 08:28:46 - ERROR    - ERROR: camxlib-hamoa-1.0.41-r0 do_fetch: Fetcher failure for URL: 'https://qartifactory-edge.qualcomm.com/artifactory/qsc_releases/software/chip/component/camx.qclinux.0.0/260826/prebuilt_yocto_master/camxtest-hamoa_1.0.38_armv8-2a.tar.gz;name=camxtest'. Checksum mismatch!
qualcomm-linux/meta-qcom	33707119200	2	100576804232	build-pr / compile_warm_up (glymur-crd, qcom-distro, :ci/qcom-distro.yml, default) / glymur-crd/qcom-distro	foundri-prd-u2404-x64-od-eph-i-08df20a69ec88ea88	ip-10-185-113-53	2026-09-03T08:29:34.8956811Z	A	camxlib-hamoa-1.0.41-r0:do_fetch		/efsx	ERROR: camxlib-hamoa-1.0.41-r0 do_fetch: Fetcher failure for URL: 'https://qartifactory-edge.qualcomm.com/artifactory/qsc_releases/software/chip/component/camx.qclinux.0.0/260826/prebuilt_yocto_master/camxtest-hamoa_1.0.38_armv8-2a.tar.gz;name=camxtest'. Checksum mismatch!
qualcomm-linux/meta-qcom	33707119200	3	100603705999	build-pr / compile_warm_up (qcom-armv8a, qcom-distro, :ci/qcom-distro.yml, default) / qcom-armv8a/qcom-distro	foundri-prd-u2404-x64-od-eph-i-047e1364b7cc7737f	ip-10-185-114-208	2026-09-03T10:00:32.6830377Z	A	camxlib-hamoa-1.0.41-r0:do_fetch	https://qartifactory-edge.qualcomm.com/artifactory/qsc_releases/software/chip/component/camx.qclinux.0.0/260826/prebuilt_yocto_master/camxtest-hamoa_1.0.38_armv8-2a.tar.gz	/efsx	2026-09-03 10:00:32 - INFO     - WARNING: camxlib-hamoa-1.0.41-r0 do_fetch: Checksum failure encountered with download of https://qartifactory-edge.qualcomm.com/artifactory/qsc_releases/software/chip/component/camx.qclinux.0.0/260826/prebuilt_yocto_master/camxtest-hamoa_1.0.38_armv8-2a.tar.gz;name=camxtest - will attempt other sources if available
qualcomm-linux/meta-qcom	33707119200	3	100603705999	build-pr / compile_warm_up (qcom-armv8a, qcom-distro, :ci/qcom-distro.yml, default) / qcom-armv8a/qcom-distro	foundri-prd-u2404-x64-od-eph-i-047e1364b7cc7737f	ip-10-185-114-208	2026-09-03T10:00:34.3622484Z	A	camxlib-hamoa-1.0.41-r0:do_fetch		/efsx	2026-09-03 10:00:34 - ERROR    - ERROR: camxlib-hamoa-1.0.41-r0 do_fetch: Fetcher failure for URL: 'https://qartifactory-edge.qualcomm.com/artifactory/qsc_releases/software/chip/component/camx.qclinux.0.0/260826/prebuilt_yocto_master/camxtest-hamoa_1.0.38_armv8-2a.tar.gz;name=camxtest'. Checksum mismatch!
qualcomm-linux/meta-qcom	33707119200	3	100603705999	build-pr / compile_warm_up (qcom-armv8a, qcom-distro, :ci/qcom-distro.yml, default) / qcom-armv8a/qcom-distro	foundri-prd-u2404-x64-od-eph-i-047e1364b7cc7737f	ip-10-185-114-208	2026-09-03T10:00:57.1204058Z	A	camxlib-hamoa-1.0.41-r0:do_fetch		/efsx	ERROR: camxlib-hamoa-1.0.41-r0 do_fetch: Fetcher failure for URL: 'https://qartifactory-edge.qualcomm.com/artifactory/qsc_releases/software/chip/component/camx.qclinux.0.0/260826/prebuilt_yocto_master/camxtest-hamoa_1.0.38_armv8-2a.tar.gz;name=camxtest'. Checksum mismatch!
qualcomm-linux/meta-qcom	33778909305	1	100736898129	build-pr / compile (shikra-evk, qcom-distro-catchall, :ci/qcom-distro-catchall.yml, 6.18, _linux-qcom-6.18, ... / shikra-evk/qcom-distro-catchall_linux-qcom-6.18	foundri-prd-u2404-x64-od-eph-i-0ea1173e53875a527	ip-10-185-112-237	2026-09-03T17:55:25.8436019Z	C		/sstate/4b/ac/sstate:gcc-runtime:armv8-2a-qcom-linux:16.2.0:r0:armv8-2a:14:4bacef8036f7011e16e84fc9756386236f885e38b336273a49f1f762ac3364a5_prepare_recipe_sysroot.tar.zst.siginfo	/efsx	2026-09-03 17:55:25 - ERROR    - OSError: [Errno 116] Stale file handle: '/sstate/4b/ac/sstate:gcc-runtime:armv8-2a-qcom-linux:16.2.0:r0:armv8-2a:14:4bacef8036f7011e16e84fc9756386236f885e38b336273a49f1f762ac3364a5_prepare_recipe_sysroot.tar.zst.siginfo'
qualcomm-linux/meta-qcom	33778909305	1	100736898129	build-pr / compile (shikra-evk, qcom-distro-catchall, :ci/qcom-distro-catchall.yml, 6.18, _linux-qcom-6.18, ... / shikra-evk/qcom-distro-catchall_linux-qcom-6.18	foundri-prd-u2404-x64-od-eph-i-0ea1173e53875a527	ip-10-185-112-237	2026-09-03T17:55:25.8480435Z	C		/sstate/4b/ac/sstate:gcc-runtime:armv8-2a-qcom-linux:16.2.0:r0:armv8-2a:14:4bacef8036f7011e16e84fc9756386236f885e38b336273a49f1f762ac3364a5_prepare_recipe_sysroot.tar.zst.siginfo	/efsx	2026-09-03 17:55:25 - ERROR    - OSError: [Errno 116] Stale file handle: '/sstate/4b/ac/sstate:gcc-runtime:armv8-2a-qcom-linux:16.2.0:r0:armv8-2a:14:4bacef8036f7011e16e84fc9756386236f885e38b336273a49f1f762ac3364a5_prepare_recipe_sysroot.tar.zst.siginfo'
qualcomm-linux/meta-qcom	33778909305	1	100736898129	build-pr / compile (shikra-evk, qcom-distro-catchall, :ci/qcom-distro-catchall.yml, 6.18, _linux-qcom-6.18, ... / shikra-evk/qcom-distro-catchall_linux-qcom-6.18	foundri-prd-u2404-x64-od-eph-i-0ea1173e53875a527	ip-10-185-112-237	2026-09-03T19:07:01.9362824Z	C		/sstate/4b/ac/sstate:gcc-runtime:armv8-2a-qcom-linux:16.2.0:r0:armv8-2a:14:4bacef8036f7011e16e84fc9756386236f885e38b336273a49f1f762ac3364a5_prepare_recipe_sysroot.tar.zst.siginfo	/efsx	OSError: [Errno 116] Stale file handle: '/sstate/4b/ac/sstate:gcc-runtime:armv8-2a-qcom-linux:16.2.0:r0:armv8-2a:14:4bacef8036f7011e16e84fc9756386236f885e38b336273a49f1f762ac3364a5_prepare_recipe_sysroot.tar.zst.siginfo'
qualcomm-linux/meta-qcom	33778909305	1	100736898129	build-pr / compile (shikra-evk, qcom-distro-catchall, :ci/qcom-distro-catchall.yml, 6.18, _linux-qcom-6.18, ... / shikra-evk/qcom-distro-catchall_linux-qcom-6.18	foundri-prd-u2404-x64-od-eph-i-0ea1173e53875a527	ip-10-185-112-237	2026-09-03T19:07:01.9369909Z	C		/sstate/4b/ac/sstate:gcc-runtime:armv8-2a-qcom-linux:16.2.0:r0:armv8-2a:14:4bacef8036f7011e16e84fc9756386236f885e38b336273a49f1f762ac3364a5_prepare_recipe_sysroot.tar.zst.siginfo	/efsx	OSError: [Errno 116] Stale file handle: '/sstate/4b/ac/sstate:gcc-runtime:armv8-2a-qcom-linux:16.2.0:r0:armv8-2a:14:4bacef8036f7011e16e84fc9756386236f885e38b336273a49f1f762ac3364a5_prepare_recipe_sysroot.tar.zst.siginfo'
qualcomm-linux/meta-qcom	34200981925	2	102106311988	build-pr / compile_warm_up (rb3gen2-core-kit, nodistro, default) / rb3gen2-core-kit/nodistro	foundri-prd-u2404-x64-od-eph-i-089552d8cfd4e077a	ip-10-185-116-224	2026-09-08T14:44:49.6658379Z	A	firmware-qcom-cdt-qcs615-1.0-r0:do_fetch	https://artifacts.codelinaro.org/artifactory/codelinaro-le/Qualcomm_Linux/QCS615/cdt/IQ-615-LYRA-EVK_V2.zip	/efsx	2026-09-08 14:44:49 - INFO     - WARNING: firmware-qcom-cdt-qcs615-1.0-r0 do_fetch: Checksum failure encountered with download of https://artifacts.codelinaro.org/artifactory/codelinaro-le/Qualcomm_Linux/QCS615/cdt/IQ-615-LYRA-EVK_V2.zip;downloadfilename=cdt-iq-615-lyra-evk_1.0.zip;name=iq-615-lyra-evk - will attempt other sources if available
qualcomm-linux/meta-qcom	34200981925	2	102106311988	build-pr / compile_warm_up (rb3gen2-core-kit, nodistro, default) / rb3gen2-core-kit/nodistro	foundri-prd-u2404-x64-od-eph-i-089552d8cfd4e077a	ip-10-185-116-224	2026-09-08T14:44:51.8394592Z	A	firmware-qcom-cdt-qcs615-1.0-r0:do_fetch		/efsx	2026-09-08 14:44:51 - ERROR    - ERROR: firmware-qcom-cdt-qcs615-1.0-r0 do_fetch: Fetcher failure for URL: 'https://artifacts.codelinaro.org/artifactory/codelinaro-le/Qualcomm_Linux/QCS615/cdt/IQ-615-LYRA-EVK_V2.zip;downloadfilename=cdt-iq-615-lyra-evk_1.0.zip;name=iq-615-lyra-evk'. Checksum mismatch!
qualcomm-linux/meta-qcom	34200981925	2	102106311988	build-pr / compile_warm_up (rb3gen2-core-kit, nodistro, default) / rb3gen2-core-kit/nodistro	foundri-prd-u2404-x64-od-eph-i-089552d8cfd4e077a	ip-10-185-116-224	2026-09-08T14:44:56.7158806Z	A	firmware-qcom-cdt-qcs615-1.0-r0:do_fetch		/efsx	ERROR: firmware-qcom-cdt-qcs615-1.0-r0 do_fetch: Fetcher failure for URL: 'https://artifacts.codelinaro.org/artifactory/codelinaro-le/Qualcomm_Linux/QCS615/cdt/IQ-615-LYRA-EVK_V2.zip;downloadfilename=cdt-iq-615-lyra-evk_1.0.zip;name=iq-615-lyra-evk'. Checksum mismatch!
qualcomm-linux/meta-qcom	34717772927	1	103649754859	build-pr / compile (qcm6490-idp, qcom-distro-catchall, :ci/qcom-distro-catchall.yml, qcom-next, _linux-qcom-... / qcm6490-idp/qcom-distro-catchall_linux-qcom-next	foundri-prd-u2404-x64-od-eph-i-04642ef49ffd4a747	ip-10-185-125-61	2026-09-13T02:03:52.2586307Z	C		/sstate/8f/84/sstate:libgcc:armv8-2a-qcom-linux:15.3.0:r0:armv8-2a:14:8f8486dc6d7e5cd3c7501f0203a8d5272225a6ac49bde862ad6f5c8a0ac7a6e5_package_write_rpm.tar.zst.siginfo	/efsx	2026-09-13 02:03:52 - ERROR    - Exception: OSError: [Errno 116] Stale file handle: '/sstate/8f/84/sstate:libgcc:armv8-2a-qcom-linux:15.3.0:r0:armv8-2a:14:8f8486dc6d7e5cd3c7501f0203a8d5272225a6ac49bde862ad6f5c8a0ac7a6e5_package_write_rpm.tar.zst.siginfo'
qualcomm-linux/meta-qcom	34717772927	1	103649754859	build-pr / compile (qcm6490-idp, qcom-distro-catchall, :ci/qcom-distro-catchall.yml, qcom-next, _linux-qcom-... / qcm6490-idp/qcom-distro-catchall_linux-qcom-next	foundri-prd-u2404-x64-od-eph-i-04642ef49ffd4a747	ip-10-185-125-61	2026-09-13T02:54:00.8933339Z	C		/sstate/8f/84/sstate:libgcc:armv8-2a-qcom-linux:15.3.0:r0:armv8-2a:14:8f8486dc6d7e5cd3c7501f0203a8d5272225a6ac49bde862ad6f5c8a0ac7a6e5_package_write_rpm.tar.zst.siginfo	/efsx	Exception: OSError: [Errno 116] Stale file handle: '/sstate/8f/84/sstate:libgcc:armv8-2a-qcom-linux:15.3.0:r0:armv8-2a:14:8f8486dc6d7e5cd3c7501f0203a8d5272225a6ac49bde862ad6f5c8a0ac7a6e5_package_write_rpm.tar.zst.siginfo'
qualcomm-linux/meta-qcom	35684511207	1	106608533731	build-pr / compile_warm_up (rb3gen2-core-kit, qcom-distro, :ci/qcom-distro.yml, default) / rb3gen2-core-kit/qcom-distro	foundri-prd-u2404-x64-od-eph-i-02775c88d85855e5a	ip-10-185-126-108	2026-09-22T04:03:38.3263235Z	A	docker-compose-5.5.1-r0:do_fetch	gomod://golang.org/x/sys	/efsx	2026-09-22 04:03:38 - INFO     - WARNING: docker-compose-5.5.1-r0 do_fetch: Checksum failure encountered with download of gomod://golang.org/x/sys;version=v0.48.0;sha256sum=3a47e06431ba1e24d5b2aca3a7ce31fd13faff34df3e5d8e63f105ff9d0c1786 - will attempt other sources if available
qualcomm-linux/meta-qcom	35684511207	1	106608533731	build-pr / compile_warm_up (rb3gen2-core-kit, qcom-distro, :ci/qcom-distro.yml, default) / rb3gen2-core-kit/qcom-distro	foundri-prd-u2404-x64-od-eph-i-02775c88d85855e5a	ip-10-185-126-108	2026-09-22T04:03:38.3263235Z	A	docker-compose-5.5.1-r0:do_fetch	gomod://golang.org/x/sys	/efsx	2026-09-22 04:03:38 - INFO     - WARNING: docker-compose-5.5.1-r0 do_fetch: Checksum failure encountered with download of gomod://golang.org/x/sys;version=v0.48.0;sha256sum=3a47e06431ba1e24d5b2aca3a7ce31fd13faff34df3e5d8e63f105ff9d0c1786 - will attempt other sources if available
qualcomm-linux/meta-qcom	35684511207	1	106608533600	build-pr / compile_warm_up (glymur-crd, qcom-distro, :ci/qcom-distro.yml, default) / glymur-crd/qcom-distro	foundri-prd-u2404-x64-od-eph-i-0e6ac4ded352150e1	ip-10-185-124-239	2026-09-22T04:03:38.4503775Z	A	docker-compose-5.5.1-r0:do_fetch	gomod://golang.org/x/sys	/efsx	2026-09-22 04:03:38 - INFO     - WARNING: docker-compose-5.5.1-r0 do_fetch: Checksum failure encountered with download of gomod://golang.org/x/sys;version=v0.48.0;sha256sum=3a47e06431ba1e24d5b2aca3a7ce31fd13faff34df3e5d8e63f105ff9d0c1786 - will attempt other sources if available
qualcomm-linux/meta-qcom	35684511207	1	106608533600	build-pr / compile_warm_up (glymur-crd, qcom-distro, :ci/qcom-distro.yml, default) / glymur-crd/qcom-distro	foundri-prd-u2404-x64-od-eph-i-0e6ac4ded352150e1	ip-10-185-124-239	2026-09-22T04:03:41.0877217Z	A	docker-compose-5.5.1-r0:do_fetch		/efsx	2026-09-22 04:03:41 - ERROR    - ERROR: docker-compose-5.5.1-r0 do_fetch: Fetcher failure for URL: 'https://proxy.golang.org/golang.org/x/sys/%40v/v0.48.0.zip'. Checksum mismatch!
qualcomm-linux/meta-qcom	35684511207	1	106608533731	build-pr / compile_warm_up (rb3gen2-core-kit, qcom-distro, :ci/qcom-distro.yml, default) / rb3gen2-core-kit/qcom-distro	foundri-prd-u2404-x64-od-eph-i-02775c88d85855e5a	ip-10-185-126-108	2026-09-22T04:03:41.1754639Z	A	docker-compose-5.5.1-r0:do_fetch		/efsx	2026-09-22 04:03:41 - ERROR    - ERROR: docker-compose-5.5.1-r0 do_fetch: Fetcher failure for URL: 'https://proxy.golang.org/golang.org/x/sys/%40v/v0.48.0.zip'. Checksum mismatch!
qualcomm-linux/meta-qcom	35684511207	1	106608533731	build-pr / compile_warm_up (rb3gen2-core-kit, qcom-distro, :ci/qcom-distro.yml, default) / rb3gen2-core-kit/qcom-distro	foundri-prd-u2404-x64-od-eph-i-02775c88d85855e5a	ip-10-185-126-108	2026-09-22T04:03:41.1754639Z	A	docker-compose-5.5.1-r0:do_fetch		/efsx	2026-09-22 04:03:41 - ERROR    - ERROR: docker-compose-5.5.1-r0 do_fetch: Fetcher failure for URL: 'https://proxy.golang.org/golang.org/x/sys/%40v/v0.48.0.zip'. Checksum mismatch!
qualcomm-linux/meta-qcom	35684511207	1	106608533614	build-pr / compile_warm_up (qcom-armv8a, qcom-distro, :ci/qcom-distro.yml, default) / qcom-armv8a/qcom-distro	foundri-prd-u2404-x64-od-eph-i-0e77085b4c12eb4a0	ip-10-185-123-84	2026-09-22T04:03:41.3997585Z	A	docker-compose-5.5.1-r0:do_fetch	gomod://golang.org/x/sys	/efsx	2026-09-22 04:03:41 - INFO     - WARNING: docker-compose-5.5.1-r0 do_fetch: Checksum failure encountered with download of gomod://golang.org/x/sys;version=v0.48.0;sha256sum=3a47e06431ba1e24d5b2aca3a7ce31fd13faff34df3e5d8e63f105ff9d0c1786 - will attempt other sources if available
qualcomm-linux/meta-qcom	35684511207	1	106608533614	build-pr / compile_warm_up (qcom-armv8a, qcom-distro, :ci/qcom-distro.yml, default) / qcom-armv8a/qcom-distro	foundri-prd-u2404-x64-od-eph-i-0e77085b4c12eb4a0	ip-10-185-123-84	2026-09-22T04:03:43.1928325Z	A	docker-compose-5.5.1-r0:do_fetch		/efsx	2026-09-22 04:03:43 - ERROR    - ERROR: docker-compose-5.5.1-r0 do_fetch: Fetcher failure for URL: 'https://proxy.golang.org/golang.org/x/sys/%40v/v0.48.0.zip'. Checksum mismatch!
qualcomm-linux/meta-qcom	35684511207	1	106608533600	build-pr / compile_warm_up (glymur-crd, qcom-distro, :ci/qcom-distro.yml, default) / glymur-crd/qcom-distro	foundri-prd-u2404-x64-od-eph-i-0e6ac4ded352150e1	ip-10-185-124-239	2026-09-22T04:04:37.3555281Z	A	docker-compose-5.5.1-r0:do_fetch		/efsx	ERROR: docker-compose-5.5.1-r0 do_fetch: Fetcher failure for URL: 'https://proxy.golang.org/golang.org/x/sys/%40v/v0.48.0.zip'. Checksum mismatch!
qualcomm-linux/meta-qcom	35684511207	1	106608533731	build-pr / compile_warm_up (rb3gen2-core-kit, qcom-distro, :ci/qcom-distro.yml, default) / rb3gen2-core-kit/qcom-distro	foundri-prd-u2404-x64-od-eph-i-02775c88d85855e5a	ip-10-185-126-108	2026-09-22T04:04:48.8365169Z	A	docker-compose-5.5.1-r0:do_fetch		/efsx	ERROR: docker-compose-5.5.1-r0 do_fetch: Fetcher failure for URL: 'https://proxy.golang.org/golang.org/x/sys/%40v/v0.48.0.zip'. Checksum mismatch!
qualcomm-linux/meta-qcom	35684511207	1	106608533731	build-pr / compile_warm_up (rb3gen2-core-kit, qcom-distro, :ci/qcom-distro.yml, default) / rb3gen2-core-kit/qcom-distro	foundri-prd-u2404-x64-od-eph-i-02775c88d85855e5a	ip-10-185-126-108	2026-09-22T04:04:48.8365169Z	A	docker-compose-5.5.1-r0:do_fetch		/efsx	ERROR: docker-compose-5.5.1-r0 do_fetch: Fetcher failure for URL: 'https://proxy.golang.org/golang.org/x/sys/%40v/v0.48.0.zip'. Checksum mismatch!
qualcomm-linux/meta-qcom	35684511207	2	106618955965	build-pr / compile_warm_up (glymur-crd, qcom-distro, :ci/qcom-distro.yml, default) / glymur-crd/qcom-distro	foundri-prd-u2404-x64-od-eph-i-0dc013a4445c7d1f1	ip-10-185-124-203	2026-09-22T04:56:34.0091928Z	A	docker-compose-5.5.1-r0:do_fetch	gomod://golang.org/x/sys	/efsx	2026-09-22 04:56:34 - INFO     - WARNING: docker-compose-5.5.1-r0 do_fetch: Checksum failure encountered with download of gomod://golang.org/x/sys;version=v0.48.0;sha256sum=3a47e06431ba1e24d5b2aca3a7ce31fd13faff34df3e5d8e63f105ff9d0c1786 - will attempt other sources if available
qualcomm-linux/meta-qcom	35684511207	2	106618955965	build-pr / compile_warm_up (glymur-crd, qcom-distro, :ci/qcom-distro.yml, default) / glymur-crd/qcom-distro	foundri-prd-u2404-x64-od-eph-i-0dc013a4445c7d1f1	ip-10-185-124-203	2026-09-22T04:56:37.7957297Z	A	docker-compose-5.5.1-r0:do_fetch		/efsx	2026-09-22 04:56:37 - ERROR    - ERROR: docker-compose-5.5.1-r0 do_fetch: Fetcher failure for URL: 'https://proxy.golang.org/golang.org/x/sys/%40v/v0.48.0.zip'. Checksum mismatch!
qualcomm-linux/meta-qcom	35684511207	2	106618955965	build-pr / compile_warm_up (glymur-crd, qcom-distro, :ci/qcom-distro.yml, default) / glymur-crd/qcom-distro	foundri-prd-u2404-x64-od-eph-i-0dc013a4445c7d1f1	ip-10-185-124-203	2026-09-22T04:59:10.8392150Z	A	docker-compose-5.5.1-r0:do_fetch		/efsx	ERROR: docker-compose-5.5.1-r0 do_fetch: Fetcher failure for URL: 'https://proxy.golang.org/golang.org/x/sys/%40v/v0.48.0.zip'. Checksum mismatch!
qualcomm-linux/meta-qcom	35684511207	3	106747217184	build-pr / compile_warm_up (qcom-armv8a, qcom-distro, :ci/qcom-distro.yml, default) / qcom-armv8a/qcom-distro	foundri-prd-u2404-x64-od-eph-i-0fdd3290ec9bd3971	ip-10-185-127-177	2026-09-22T12:50:25.1721401Z	A	docker-compose-5.5.1-r0:do_fetch	gomod://golang.org/x/sys	/efsx	2026-09-22 12:50:25 - INFO     - WARNING: docker-compose-5.5.1-r0 do_fetch: Checksum failure encountered with download of gomod://golang.org/x/sys;version=v0.48.0;sha256sum=3a47e06431ba1e24d5b2aca3a7ce31fd13faff34df3e5d8e63f105ff9d0c1786 - will attempt other sources if available
qualcomm-linux/meta-qcom	35684511207	3	106747217184	build-pr / compile_warm_up (qcom-armv8a, qcom-distro, :ci/qcom-distro.yml, default) / qcom-armv8a/qcom-distro	foundri-prd-u2404-x64-od-eph-i-0fdd3290ec9bd3971	ip-10-185-127-177	2026-09-22T12:50:27.4134496Z	A	docker-compose-5.5.1-r0:do_fetch		/efsx	2026-09-22 12:50:27 - ERROR    - ERROR: docker-compose-5.5.1-r0 do_fetch: Fetcher failure for URL: 'https://proxy.golang.org/golang.org/x/sys/%40v/v0.48.0.zip'. Checksum mismatch!
qualcomm-linux/meta-qcom	35684511207	3	106747217184	build-pr / compile_warm_up (qcom-armv8a, qcom-distro, :ci/qcom-distro.yml, default) / qcom-armv8a/qcom-distro	foundri-prd-u2404-x64-od-eph-i-0fdd3290ec9bd3971	ip-10-185-127-177	2026-09-22T12:52:15.2872376Z	A	docker-compose-5.5.1-r0:do_fetch		/efsx	ERROR: docker-compose-5.5.1-r0 do_fetch: Fetcher failure for URL: 'https://proxy.golang.org/golang.org/x/sys/%40v/v0.48.0.zip'. Checksum mismatch!
qualcomm-linux/meta-qcom	36023613337	1	107715743255	build-pr / compile_warm_up (qcom-armv8a, qcom-distro, :ci/qcom-distro.yml, default) / qcom-armv8a/qcom-distro	foundri-prd-u2404-x64-od-eph-i-0081c17674acabf01	ip-10-185-115-125	2026-09-24T16:09:42.4854918Z	A	camxlib-hamoa-1.0.48-r0:do_fetch	https://qartifactory-edge.qualcomm.com/artifactory/qsc_releases/software/chip/component/camx.qclinux.0.0/260923.1/prebuilt_yocto_master/camx-hamoa_1.0.48_armv8-2a.tar.gz	/efsx	2026-09-24 16:09:42 - INFO     - WARNING: camxlib-hamoa-1.0.48-r0 do_fetch: Checksum failure encountered with download of https://qartifactory-edge.qualcomm.com/artifactory/qsc_releases/software/chip/component/camx.qclinux.0.0/260923.1/prebuilt_yocto_master/camx-hamoa_1.0.48_armv8-2a.tar.gz;name=camx - will attempt other sources if available
qualcomm-linux/meta-qcom	36023613337	1	107715743255	build-pr / compile_warm_up (qcom-armv8a, qcom-distro, :ci/qcom-distro.yml, default) / qcom-armv8a/qcom-distro	foundri-prd-u2404-x64-od-eph-i-0081c17674acabf01	ip-10-185-115-125	2026-09-24T16:09:44.2667294Z	A	camxlib-hamoa-1.0.48-r0:do_fetch		/efsx	2026-09-24 16:09:44 - ERROR    - ERROR: camxlib-hamoa-1.0.48-r0 do_fetch: Fetcher failure for URL: 'https://qartifactory-edge.qualcomm.com/artifactory/qsc_releases/software/chip/component/camx.qclinux.0.0/260923.1/prebuilt_yocto_master/camx-hamoa_1.0.48_armv8-2a.tar.gz;name=camx'. Checksum mismatch!
qualcomm-linux/meta-qcom	36023613337	1	107715743255	build-pr / compile_warm_up (qcom-armv8a, qcom-distro, :ci/qcom-distro.yml, default) / qcom-armv8a/qcom-distro	foundri-prd-u2404-x64-od-eph-i-0081c17674acabf01	ip-10-185-115-125	2026-09-24T16:11:22.5610761Z	A	camxlib-hamoa-1.0.48-r0:do_fetch		/efsx	ERROR: camxlib-hamoa-1.0.48-r0 do_fetch: Fetcher failure for URL: 'https://qartifactory-edge.qualcomm.com/artifactory/qsc_releases/software/chip/component/camx.qclinux.0.0/260923.1/prebuilt_yocto_master/camx-hamoa_1.0.48_armv8-2a.tar.gz;name=camx'. Checksum mismatch!
qualcomm-linux/meta-qcom	36023613337	2	107906980819	build-pr / compile_warm_up (qcom-armv8a, qcom-distro, :ci/qcom-distro.yml, default) / qcom-armv8a/qcom-distro	foundri-prd-u2404-x64-od-eph-i-047543fd29803280d	ip-10-185-120-42	2026-09-25T01:45:37.7906651Z	A	camxlib-hamoa-1.0.48-r0:do_fetch	https://qartifactory-edge.qualcomm.com/artifactory/qsc_releases/software/chip/component/camx.qclinux.0.0/260923.1/prebuilt_yocto_master/camx-hamoa_1.0.48_armv8-2a.tar.gz	/efsx	2026-09-25 01:45:37 - INFO     - WARNING: camxlib-hamoa-1.0.48-r0 do_fetch: Checksum failure encountered with download of https://qartifactory-edge.qualcomm.com/artifactory/qsc_releases/software/chip/component/camx.qclinux.0.0/260923.1/prebuilt_yocto_master/camx-hamoa_1.0.48_armv8-2a.tar.gz;name=camx - will attempt other sources if available
qualcomm-linux/meta-qcom	36023613337	2	107906980819	build-pr / compile_warm_up (qcom-armv8a, qcom-distro, :ci/qcom-distro.yml, default) / qcom-armv8a/qcom-distro	foundri-prd-u2404-x64-od-eph-i-047543fd29803280d	ip-10-185-120-42	2026-09-25T01:45:39.8903529Z	A	camxlib-hamoa-1.0.48-r0:do_fetch		/efsx	2026-09-25 01:45:39 - ERROR    - ERROR: camxlib-hamoa-1.0.48-r0 do_fetch: Fetcher failure for URL: 'https://qartifactory-edge.qualcomm.com/artifactory/qsc_releases/software/chip/component/camx.qclinux.0.0/260923.1/prebuilt_yocto_master/camx-hamoa_1.0.48_armv8-2a.tar.gz;name=camx'. Checksum mismatch!
qualcomm-linux/meta-qcom	36023613337	2	107906980819	build-pr / compile_warm_up (qcom-armv8a, qcom-distro, :ci/qcom-distro.yml, default) / qcom-armv8a/qcom-distro	foundri-prd-u2404-x64-od-eph-i-047543fd29803280d	ip-10-185-120-42	2026-09-25T01:46:15.9529580Z	A	camxlib-hamoa-1.0.48-r0:do_fetch		/efsx	ERROR: camxlib-hamoa-1.0.48-r0 do_fetch: Fetcher failure for URL: 'https://qartifactory-edge.qualcomm.com/artifactory/qsc_releases/software/chip/component/camx.qclinux.0.0/260923.1/prebuilt_yocto_master/camx-hamoa_1.0.48_armv8-2a.tar.gz;name=camx'. Checksum mismatch!
qualcomm-linux/meta-qcom	36095243766	1	107946540936	build-pr / compile_warm_up (glymur-crd, qcom-distro, :ci/qcom-distro.yml, default) / glymur-crd/qcom-distro	foundri-prd-u2404-x64-od-eph-i-00e90b4e529976ea6	ip-10-185-127-42	2026-09-25T04:50:11.0183981Z	A	camxlib-hamoa-1.0.48-r0:do_fetch	https://qartifactory-edge.qualcomm.com/artifactory/qsc_releases/software/chip/component/camx.qclinux.0.0/260923.1/prebuilt_yocto_master/camx-hamoa_1.0.48_armv8-2a.tar.gz	/efsx	2026-09-25 04:50:11 - INFO     - WARNING: camxlib-hamoa-1.0.48-r0 do_fetch: Checksum failure encountered with download of https://qartifactory-edge.qualcomm.com/artifactory/qsc_releases/software/chip/component/camx.qclinux.0.0/260923.1/prebuilt_yocto_master/camx-hamoa_1.0.48_armv8-2a.tar.gz;name=camx - will attempt other sources if available
qualcomm-linux/meta-qcom	36095243766	1	107946540936	build-pr / compile_warm_up (glymur-crd, qcom-distro, :ci/qcom-distro.yml, default) / glymur-crd/qcom-distro	foundri-prd-u2404-x64-od-eph-i-00e90b4e529976ea6	ip-10-185-127-42	2026-09-25T04:50:13.5058202Z	A	camxlib-hamoa-1.0.48-r0:do_fetch		/efsx	2026-09-25 04:50:13 - ERROR    - ERROR: camxlib-hamoa-1.0.48-r0 do_fetch: Fetcher failure for URL: 'https://qartifactory-edge.qualcomm.com/artifactory/qsc_releases/software/chip/component/camx.qclinux.0.0/260923.1/prebuilt_yocto_master/camx-hamoa_1.0.48_armv8-2a.tar.gz;name=camx'. Checksum mismatch!
qualcomm-linux/meta-qcom	36095243766	1	107946540936	build-pr / compile_warm_up (glymur-crd, qcom-distro, :ci/qcom-distro.yml, default) / glymur-crd/qcom-distro	foundri-prd-u2404-x64-od-eph-i-00e90b4e529976ea6	ip-10-185-127-42	2026-09-25T04:50:44.7700208Z	A	camxlib-hamoa-1.0.48-r0:do_fetch		/efsx	ERROR: camxlib-hamoa-1.0.48-r0 do_fetch: Fetcher failure for URL: 'https://qartifactory-edge.qualcomm.com/artifactory/qsc_releases/software/chip/component/camx.qclinux.0.0/260923.1/prebuilt_yocto_master/camx-hamoa_1.0.48_armv8-2a.tar.gz;name=camx'. Checksum mismatch!
qualcomm-linux/meta-qcom	36124535934	1	108038174784	build-pr / compile_warm_up (qcom-armv8a, nodistro, default) / qcom-armv8a/nodistro	foundri-prd-u2404-x64-od-eph-i-0824a54943480893f	ip-10-185-114-45	2026-09-25T10:40:04.9828765Z	A	qcom-adreno-1.887.1-r0:do_fetch	/downloads/qcom-adreno_1.887.1_armv8a.tar.gz	/efsx	2026-09-25 10:40:04 - INFO     - WARNING: qcom-adreno-1.887.1-r0 do_fetch: Checksum mismatch for local file /downloads/qcom-adreno_1.887.1_armv8a.tar.gz
qualcomm-linux/meta-qcom	36124535934	1	108038174784	build-pr / compile_warm_up (qcom-armv8a, nodistro, default) / qcom-armv8a/nodistro	foundri-prd-u2404-x64-od-eph-i-0824a54943480893f	ip-10-185-114-45	2026-09-25T10:40:04.9830543Z	A	qcom-adreno-1.887.1-r0:do_fetch	/downloads/qcom-adreno_1.887.1_armv8a.tar.gz	/efsx	2026-09-25 10:40:04 - INFO     - WARNING: qcom-adreno-1.887.1-r0 do_fetch: Renaming /downloads/qcom-adreno_1.887.1_armv8a.tar.gz to /downloads/qcom-adreno_1.887.1_armv8a.tar.gz_bad-checksum_c699bfcdf69f3c4c272d2b5614d0405619950369ae2cdced6a0930f499ee30f5
qualcomm-linux/meta-qcom	36219727612	1	108342940719	build-pr / compile_warm_up (qcom-armv8a, nodistro, default) / qcom-armv8a/nodistro	foundri-prd-u2404-x64-od-eph-i-0d22a165faf77c99b	ip-10-185-115-159	2026-09-26T05:15:07.0965617Z	A	qcom-adreno-1.887.2-r0:do_fetch	https://qartifactory-edge.qualcomm.com/artifactory/qsc_releases/software/chip/component/gfx-adreno.le.0.0/260925/prebuilt_yocto/qcom-adreno_1.887.2_armv8a.tar.gz	/efsx	2026-09-26 05:15:07 - INFO     - WARNING: qcom-adreno-1.887.2-r0 do_fetch: Checksum failure encountered with download of https://qartifactory-edge.qualcomm.com/artifactory/qsc_releases/software/chip/component/gfx-adreno.le.0.0/260925/prebuilt_yocto/qcom-adreno_1.887.2_armv8a.tar.gz;subdir=qcom-adreno-1.887.2 - will attempt other sources if available
qualcomm-linux/meta-qcom	36219727612	1	108342940719	build-pr / compile_warm_up (qcom-armv8a, nodistro, default) / qcom-armv8a/nodistro	foundri-prd-u2404-x64-od-eph-i-0d22a165faf77c99b	ip-10-185-115-159	2026-09-26T05:15:08.8525116Z	A	qcom-adreno-1.887.2-r0:do_fetch		/efsx	2026-09-26 05:15:08 - ERROR    - ERROR: qcom-adreno-1.887.2-r0 do_fetch: Fetcher failure for URL: 'https://qartifactory-edge.qualcomm.com/artifactory/qsc_releases/software/chip/component/gfx-adreno.le.0.0/260925/prebuilt_yocto/qcom-adreno_1.887.2_armv8a.tar.gz;subdir=qcom-adreno-1.887.2'. Checksum mismatch!
qualcomm-linux/meta-qcom	36219727612	1	108342940719	build-pr / compile_warm_up (qcom-armv8a, nodistro, default) / qcom-armv8a/nodistro	foundri-prd-u2404-x64-od-eph-i-0d22a165faf77c99b	ip-10-185-115-159	2026-09-26T05:15:13.6675480Z	A	qcom-adreno-1.887.2-r0:do_fetch		/efsx	ERROR: qcom-adreno-1.887.2-r0 do_fetch: Fetcher failure for URL: 'https://qartifactory-edge.qualcomm.com/artifactory/qsc_releases/software/chip/component/gfx-adreno.le.0.0/260925/prebuilt_yocto/qcom-adreno_1.887.2_armv8a.tar.gz;subdir=qcom-adreno-1.887.2'. Checksum mismatch!
qualcomm-linux/meta-qcom	36219727612	2	108672636778	build-pr / compile_warm_up (qcom-armv8a, nodistro, default) / qcom-armv8a/nodistro	foundri-prd-u2404-x64-od-eph-i-0c6dd5b2185fa50ce	ip-10-185-126-4	2026-09-27T17:49:53.6018086Z	A	qcom-adreno-1.887.2-r0:do_fetch	https://qartifactory-edge.qualcomm.com/artifactory/qsc_releases/software/chip/component/gfx-adreno.le.0.0/260925/prebuilt_yocto/qcom-adreno_1.887.2_armv8a.tar.gz	/efsx	2026-09-27 17:49:53 - INFO     - WARNING: qcom-adreno-1.887.2-r0 do_fetch: Checksum failure encountered with download of https://qartifactory-edge.qualcomm.com/artifactory/qsc_releases/software/chip/component/gfx-adreno.le.0.0/260925/prebuilt_yocto/qcom-adreno_1.887.2_armv8a.tar.gz;subdir=qcom-adreno-1.887.2 - will attempt other sources if available
qualcomm-linux/meta-qcom	36219727612	2	108672636778	build-pr / compile_warm_up (qcom-armv8a, nodistro, default) / qcom-armv8a/nodistro	foundri-prd-u2404-x64-od-eph-i-0c6dd5b2185fa50ce	ip-10-185-126-4	2026-09-27T17:49:57.0774432Z	A	qcom-adreno-1.887.2-r0:do_fetch		/efsx	2026-09-27 17:49:57 - ERROR    - ERROR: qcom-adreno-1.887.2-r0 do_fetch: Fetcher failure for URL: 'https://qartifactory-edge.qualcomm.com/artifactory/qsc_releases/software/chip/component/gfx-adreno.le.0.0/260925/prebuilt_yocto/qcom-adreno_1.887.2_armv8a.tar.gz;subdir=qcom-adreno-1.887.2'. Checksum mismatch!
qualcomm-linux/meta-qcom	36219727612	2	108672636778	build-pr / compile_warm_up (qcom-armv8a, nodistro, default) / qcom-armv8a/nodistro	foundri-prd-u2404-x64-od-eph-i-0c6dd5b2185fa50ce	ip-10-185-126-4	2026-09-27T17:50:01.5307171Z	A	qcom-adreno-1.887.2-r0:do_fetch		/efsx	ERROR: qcom-adreno-1.887.2-r0 do_fetch: Fetcher failure for URL: 'https://qartifactory-edge.qualcomm.com/artifactory/qsc_releases/software/chip/component/gfx-adreno.le.0.0/260925/prebuilt_yocto/qcom-adreno_1.887.2_armv8a.tar.gz;subdir=qcom-adreno-1.887.2'. Checksum mismatch!
qualcomm-linux/meta-qcom	36219727612	3	108677024639	build-pr / compile_warm_up (qcom-armv8a, nodistro, default) / qcom-armv8a/nodistro	foundri-prd-u2404-x64-od-eph-i-083fa33d3e3f9e633	ip-10-185-126-59	2026-09-27T18:14:01.5177160Z	A	qcom-adreno-1.887.2-r0:do_fetch	https://qartifactory-edge.qualcomm.com/artifactory/qsc_releases/software/chip/component/gfx-adreno.le.0.0/260925/prebuilt_yocto/qcom-adreno_1.887.2_armv8a.tar.gz	/efsx	2026-09-27 18:14:01 - INFO     - WARNING: qcom-adreno-1.887.2-r0 do_fetch: Checksum failure encountered with download of https://qartifactory-edge.qualcomm.com/artifactory/qsc_releases/software/chip/component/gfx-adreno.le.0.0/260925/prebuilt_yocto/qcom-adreno_1.887.2_armv8a.tar.gz;subdir=qcom-adreno-1.887.2 - will attempt other sources if available
qualcomm-linux/meta-qcom	36219727612	3	108677024639	build-pr / compile_warm_up (qcom-armv8a, nodistro, default) / qcom-armv8a/nodistro	foundri-prd-u2404-x64-od-eph-i-083fa33d3e3f9e633	ip-10-185-126-59	2026-09-27T18:14:04.4510231Z	A	qcom-adreno-1.887.2-r0:do_fetch		/efsx	2026-09-27 18:14:04 - ERROR    - ERROR: qcom-adreno-1.887.2-r0 do_fetch: Fetcher failure for URL: 'https://qartifactory-edge.qualcomm.com/artifactory/qsc_releases/software/chip/component/gfx-adreno.le.0.0/260925/prebuilt_yocto/qcom-adreno_1.887.2_armv8a.tar.gz;subdir=qcom-adreno-1.887.2'. Checksum mismatch!
qualcomm-linux/meta-qcom	36219727612	3	108677024639	build-pr / compile_warm_up (qcom-armv8a, nodistro, default) / qcom-armv8a/nodistro	foundri-prd-u2404-x64-od-eph-i-083fa33d3e3f9e633	ip-10-185-126-59	2026-09-27T18:14:08.9864131Z	A	qcom-adreno-1.887.2-r0:do_fetch		/efsx	ERROR: qcom-adreno-1.887.2-r0 do_fetch: Fetcher failure for URL: 'https://qartifactory-edge.qualcomm.com/artifactory/qsc_releases/software/chip/component/gfx-adreno.le.0.0/260925/prebuilt_yocto/qcom-adreno_1.887.2_armv8a.tar.gz;subdir=qcom-adreno-1.887.2'. Checksum mismatch!
qualcomm-linux/meta-qcom	36340100617	1	108678513910	build-pr / compile_warm_up (glymur-crd, qcom-distro, :ci/qcom-distro.yml, default) / glymur-crd/qcom-distro	foundri-prd-u2404-x64-od-eph-i-0ec1a1dbf742bfd22	ip-10-185-117-27	2026-09-27T18:32:59.8804216Z	A	docker-compose-5.5.1-r0:do_fetch	gomod://golang.org/x/sys	/efsx	2026-09-27 18:32:59 - INFO     - WARNING: docker-compose-5.5.1-r0 do_fetch: Checksum failure encountered with download of gomod://golang.org/x/sys;version=v0.48.0;sha256sum=3a47e06431ba1e24d5b2aca3a7ce31fd13faff34df3e5d8e63f105ff9d0c1786 - will attempt other sources if available
qualcomm-linux/meta-qcom	36340100617	1	108678513910	build-pr / compile_warm_up (glymur-crd, qcom-distro, :ci/qcom-distro.yml, default) / glymur-crd/qcom-distro	foundri-prd-u2404-x64-od-eph-i-0ec1a1dbf742bfd22	ip-10-185-117-27	2026-09-27T18:33:03.4557785Z	A	docker-compose-5.5.1-r0:do_fetch		/efsx	2026-09-27 18:33:03 - ERROR    - ERROR: docker-compose-5.5.1-r0 do_fetch: Fetcher failure for URL: 'https://proxy.golang.org/golang.org/x/sys/%40v/v0.48.0.zip'. Checksum mismatch!
qualcomm-linux/meta-qcom	36340100617	1	108678513943	build-pr / compile_warm_up (qcom-armv8a, qcom-distro, :ci/qcom-distro.yml, default) / qcom-armv8a/qcom-distro	foundri-prd-u2404-x64-od-eph-i-0854d15b61965a371	ip-10-185-118-156	2026-09-27T18:35:20.6164717Z	A	docker-compose-5.5.1-r0:do_fetch	gomod://golang.org/x/sys	/efsx	2026-09-27 18:35:20 - INFO     - WARNING: docker-compose-5.5.1-r0 do_fetch: Checksum failure encountered with download of gomod://golang.org/x/sys;version=v0.48.0;sha256sum=3a47e06431ba1e24d5b2aca3a7ce31fd13faff34df3e5d8e63f105ff9d0c1786 - will attempt other sources if available
qualcomm-linux/meta-qcom	36340100617	1	108678513943	build-pr / compile_warm_up (qcom-armv8a, qcom-distro, :ci/qcom-distro.yml, default) / qcom-armv8a/qcom-distro	foundri-prd-u2404-x64-od-eph-i-0854d15b61965a371	ip-10-185-118-156	2026-09-27T18:35:23.5373535Z	A	docker-compose-5.5.1-r0:do_fetch		/efsx	2026-09-27 18:35:23 - ERROR    - ERROR: docker-compose-5.5.1-r0 do_fetch: Fetcher failure for URL: 'https://proxy.golang.org/golang.org/x/sys/%40v/v0.48.0.zip'. Checksum mismatch!
qualcomm-linux/meta-qcom	36340100617	1	108678514009	build-pr / compile_warm_up (rb3gen2-core-kit, qcom-distro, :ci/qcom-distro.yml, default) / rb3gen2-core-kit/qcom-distro	foundri-prd-u2404-x64-od-eph-i-0838bf436f1da12a2	ip-10-185-125-130	2026-09-27T18:35:42.6371240Z	A	docker-compose-5.5.1-r0:do_fetch	gomod://golang.org/x/sys	/efsx	2026-09-27 18:35:42 - INFO     - WARNING: docker-compose-5.5.1-r0 do_fetch: Checksum failure encountered with download of gomod://golang.org/x/sys;version=v0.48.0;sha256sum=3a47e06431ba1e24d5b2aca3a7ce31fd13faff34df3e5d8e63f105ff9d0c1786 - will attempt other sources if available
qualcomm-linux/meta-qcom	36340100617	1	108678514009	build-pr / compile_warm_up (rb3gen2-core-kit, qcom-distro, :ci/qcom-distro.yml, default) / rb3gen2-core-kit/qcom-distro	foundri-prd-u2404-x64-od-eph-i-0838bf436f1da12a2	ip-10-185-125-130	2026-09-27T18:35:42.6371240Z	A	docker-compose-5.5.1-r0:do_fetch	gomod://golang.org/x/sys	/efsx	2026-09-27 18:35:42 - INFO     - WARNING: docker-compose-5.5.1-r0 do_fetch: Checksum failure encountered with download of gomod://golang.org/x/sys;version=v0.48.0;sha256sum=3a47e06431ba1e24d5b2aca3a7ce31fd13faff34df3e5d8e63f105ff9d0c1786 - will attempt other sources if available
qualcomm-linux/meta-qcom	36340100617	1	108678514009	build-pr / compile_warm_up (rb3gen2-core-kit, qcom-distro, :ci/qcom-distro.yml, default) / rb3gen2-core-kit/qcom-distro	foundri-prd-u2404-x64-od-eph-i-0838bf436f1da12a2	ip-10-185-125-130	2026-09-27T18:35:44.7268442Z	A	docker-compose-5.5.1-r0:do_fetch		/efsx	2026-09-27 18:35:44 - ERROR    - ERROR: docker-compose-5.5.1-r0 do_fetch: Fetcher failure for URL: 'https://proxy.golang.org/golang.org/x/sys/%40v/v0.48.0.zip'. Checksum mismatch!
qualcomm-linux/meta-qcom	36340100617	1	108678514009	build-pr / compile_warm_up (rb3gen2-core-kit, qcom-distro, :ci/qcom-distro.yml, default) / rb3gen2-core-kit/qcom-distro	foundri-prd-u2404-x64-od-eph-i-0838bf436f1da12a2	ip-10-185-125-130	2026-09-27T18:35:44.7268442Z	A	docker-compose-5.5.1-r0:do_fetch		/efsx	2026-09-27 18:35:44 - ERROR    - ERROR: docker-compose-5.5.1-r0 do_fetch: Fetcher failure for URL: 'https://proxy.golang.org/golang.org/x/sys/%40v/v0.48.0.zip'. Checksum mismatch!
qualcomm-linux/meta-qcom	36340100617	1	108678514009	build-pr / compile_warm_up (rb3gen2-core-kit, qcom-distro, :ci/qcom-distro.yml, default) / rb3gen2-core-kit/qcom-distro	foundri-prd-u2404-x64-od-eph-i-0838bf436f1da12a2	ip-10-185-125-130	2026-09-27T18:39:27.2546571Z	A	docker-compose-5.5.1-r0:do_fetch		/efsx	ERROR: docker-compose-5.5.1-r0 do_fetch: Fetcher failure for URL: 'https://proxy.golang.org/golang.org/x/sys/%40v/v0.48.0.zip'. Checksum mismatch!
qualcomm-linux/meta-qcom	36340100617	1	108678514009	build-pr / compile_warm_up (rb3gen2-core-kit, qcom-distro, :ci/qcom-distro.yml, default) / rb3gen2-core-kit/qcom-distro	foundri-prd-u2404-x64-od-eph-i-0838bf436f1da12a2	ip-10-185-125-130	2026-09-27T18:39:27.2546571Z	A	docker-compose-5.5.1-r0:do_fetch		/efsx	ERROR: docker-compose-5.5.1-r0 do_fetch: Fetcher failure for URL: 'https://proxy.golang.org/golang.org/x/sys/%40v/v0.48.0.zip'. Checksum mismatch!
qualcomm-linux/meta-qcom	36340100617	2	108683304741	build-pr / compile_warm_up (rb3gen2-core-kit, qcom-distro, :ci/qcom-distro.yml, default) / rb3gen2-core-kit/qcom-distro	foundri-prd-u2404-x64-od-eph-i-0411dcc738441fa22	ip-10-185-117-29	2026-09-27T19:00:23.6864961Z	A	docker-compose-5.5.1-r0:do_fetch	gomod://golang.org/x/sys	/efsx	2026-09-27 19:00:23 - INFO     - WARNING: docker-compose-5.5.1-r0 do_fetch: Checksum failure encountered with download of gomod://golang.org/x/sys;version=v0.48.0;sha256sum=3a47e06431ba1e24d5b2aca3a7ce31fd13faff34df3e5d8e63f105ff9d0c1786 - will attempt other sources if available
qualcomm-linux/meta-qcom	36340100617	2	108683304741	build-pr / compile_warm_up (rb3gen2-core-kit, qcom-distro, :ci/qcom-distro.yml, default) / rb3gen2-core-kit/qcom-distro	foundri-prd-u2404-x64-od-eph-i-0411dcc738441fa22	ip-10-185-117-29	2026-09-27T19:00:26.7164819Z	A	docker-compose-5.5.1-r0:do_fetch		/efsx	2026-09-27 19:00:26 - ERROR    - ERROR: docker-compose-5.5.1-r0 do_fetch: Fetcher failure for URL: 'https://proxy.golang.org/golang.org/x/sys/%40v/v0.48.0.zip'. Checksum mismatch!
qualcomm-linux/meta-qcom	36340100617	2	108683304741	build-pr / compile_warm_up (rb3gen2-core-kit, qcom-distro, :ci/qcom-distro.yml, default) / rb3gen2-core-kit/qcom-distro	foundri-prd-u2404-x64-od-eph-i-0411dcc738441fa22	ip-10-185-117-29	2026-09-27T19:51:13.1125101Z	A	docker-compose-5.5.1-r0:do_fetch		/efsx	ERROR: docker-compose-5.5.1-r0 do_fetch: Fetcher failure for URL: 'https://proxy.golang.org/golang.org/x/sys/%40v/v0.48.0.zip'. Checksum mismatch!
qualcomm-linux/meta-qcom	36340100617	3	108709541873	build-pr / compile_warm_up (rb3gen2-core-kit, qcom-distro, :ci/qcom-distro.yml, default) / rb3gen2-core-kit/qcom-distro	foundri-prd-u2404-x64-od-eph-i-09b43746810a604c1	ip-10-185-116-189	2026-09-27T21:27:24.9609832Z	A	docker-compose-5.5.1-r0:do_fetch	gomod://golang.org/x/sys	/efsx	2026-09-27 21:27:24 - INFO     - WARNING: docker-compose-5.5.1-r0 do_fetch: Checksum failure encountered with download of gomod://golang.org/x/sys;version=v0.48.0;sha256sum=3a47e06431ba1e24d5b2aca3a7ce31fd13faff34df3e5d8e63f105ff9d0c1786 - will attempt other sources if available
qualcomm-linux/meta-qcom	36340100617	3	108709541873	build-pr / compile_warm_up (rb3gen2-core-kit, qcom-distro, :ci/qcom-distro.yml, default) / rb3gen2-core-kit/qcom-distro	foundri-prd-u2404-x64-od-eph-i-09b43746810a604c1	ip-10-185-116-189	2026-09-27T21:27:27.1425321Z	A	docker-compose-5.5.1-r0:do_fetch		/efsx	2026-09-27 21:27:27 - ERROR    - ERROR: docker-compose-5.5.1-r0 do_fetch: Fetcher failure for URL: 'https://proxy.golang.org/golang.org/x/sys/%40v/v0.48.0.zip'. Checksum mismatch!
qualcomm-linux/meta-qcom	36340100617	3	108709541873	build-pr / compile_warm_up (rb3gen2-core-kit, qcom-distro, :ci/qcom-distro.yml, default) / rb3gen2-core-kit/qcom-distro	foundri-prd-u2404-x64-od-eph-i-09b43746810a604c1	ip-10-185-116-189	2026-09-27T21:41:35.1760762Z	A	docker-compose-5.5.1-r0:do_fetch		/efsx	ERROR: docker-compose-5.5.1-r0 do_fetch: Fetcher failure for URL: 'https://proxy.golang.org/golang.org/x/sys/%40v/v0.48.0.zip'. Checksum mismatch!
qualcomm-linux/meta-qcom	36340100617	4	108967827464	build-pr / compile_warm_up (rb3gen2-core-kit, qcom-distro, :ci/qcom-distro.yml, default) / rb3gen2-core-kit/qcom-distro	foundri-prd-u2404-x64-od-eph-i-08c0eb653c9a559aa	ip-10-185-123-61	2026-09-28T14:25:06.7812504Z	A	docker-compose-5.5.1-r0:do_fetch	gomod://golang.org/x/sys	/efsx	2026-09-28 14:25:06 - INFO     - WARNING: docker-compose-5.5.1-r0 do_fetch: Checksum failure encountered with download of gomod://golang.org/x/sys;version=v0.48.0;sha256sum=3a47e06431ba1e24d5b2aca3a7ce31fd13faff34df3e5d8e63f105ff9d0c1786 - will attempt other sources if available
qualcomm-linux/meta-qcom	36340100617	4	108967827464	build-pr / compile_warm_up (rb3gen2-core-kit, qcom-distro, :ci/qcom-distro.yml, default) / rb3gen2-core-kit/qcom-distro	foundri-prd-u2404-x64-od-eph-i-08c0eb653c9a559aa	ip-10-185-123-61	2026-09-28T14:25:09.0553305Z	A	docker-compose-5.5.1-r0:do_fetch		/efsx	2026-09-28 14:25:09 - ERROR    - ERROR: docker-compose-5.5.1-r0 do_fetch: Fetcher failure for URL: 'https://proxy.golang.org/golang.org/x/sys/%40v/v0.48.0.zip'. Checksum mismatch!
qualcomm-linux/meta-qcom	36340100617	4	108967827464	build-pr / compile_warm_up (rb3gen2-core-kit, qcom-distro, :ci/qcom-distro.yml, default) / rb3gen2-core-kit/qcom-distro	foundri-prd-u2404-x64-od-eph-i-08c0eb653c9a559aa	ip-10-185-123-61	2026-09-28T14:39:54.6362913Z	A	docker-compose-5.5.1-r0:do_fetch		/efsx	ERROR: docker-compose-5.5.1-r0 do_fetch: Fetcher failure for URL: 'https://proxy.golang.org/golang.org/x/sys/%40v/v0.48.0.zip'. Checksum mismatch!
qualcomm-linux/meta-qcom	36456733827	1	109053744728	build-pr / compile_stage2 (qcom-armv8a, qcom-distro, :ci/qcom-distro.yml, default) / qcom-armv8a/qcom-distro	foundri-prd-u2404-x64-od-eph-i-09e9807966e4449f3	ip-10-185-119-83	2026-09-28T17:51:04.7117434Z	A	docker-compose-5.5.1-r0:do_fetch	gomod://golang.org/x/sys	/efsx	2026-09-28 17:51:04 - INFO     - WARNING: docker-compose-5.5.1-r0 do_fetch: Checksum failure encountered with download of gomod://golang.org/x/sys;version=v0.48.0;sha256sum=3a47e06431ba1e24d5b2aca3a7ce31fd13faff34df3e5d8e63f105ff9d0c1786 - will attempt other sources if available
qualcomm-linux/meta-qcom	36456733827	1	109053744728	build-pr / compile_stage2 (qcom-armv8a, qcom-distro, :ci/qcom-distro.yml, default) / qcom-armv8a/qcom-distro	foundri-prd-u2404-x64-od-eph-i-09e9807966e4449f3	ip-10-185-119-83	2026-09-28T17:51:06.7205259Z	A	docker-compose-5.5.1-r0:do_fetch		/efsx	2026-09-28 17:51:06 - ERROR    - ERROR: docker-compose-5.5.1-r0 do_fetch: Fetcher failure for URL: 'https://proxy.golang.org/golang.org/x/sys/%40v/v0.48.0.zip'. Checksum mismatch!
qualcomm-linux/meta-qcom	36456733827	1	109053744728	build-pr / compile_stage2 (qcom-armv8a, qcom-distro, :ci/qcom-distro.yml, default) / qcom-armv8a/qcom-distro	foundri-prd-u2404-x64-od-eph-i-09e9807966e4449f3	ip-10-185-119-83	2026-09-28T18:05:31.8661457Z	A	docker-compose-5.5.1-r0:do_fetch		/efsx	ERROR: docker-compose-5.5.1-r0 do_fetch: Fetcher failure for URL: 'https://proxy.golang.org/golang.org/x/sys/%40v/v0.48.0.zip'. Checksum mismatch!
